,HELMnolinker,0,1,2,3,4,4n,5,5n,6,6n,4n/4,5n/5,6n/6
0,"PEPTIDE1{[ClAc_F].[Bip].[Tic].[4TzA].C.Y.R.Y}$PEPTIDE1,PEPTIDE1,5:R3-1:R3$$$",,37.0,5672.0,43809.0,172674.0,18356.0,107571.0,30997.0,324416.0,93203.0,0.1063043654516603,0.2881538704669474,0.2872947080291971
1,"PEPTIDE1{[ClAc_F].[Bip].[Tic].[4TzA].C.[tBuG].Y.R}$PEPTIDE1,PEPTIDE1,5:R3-1:R3$$$",,21.0,2359.0,22657.0,92903.0,6202.0,68679.0,13446.0,241983.0,40598.0,0.0667578011474333,0.1957803695452758,0.1677721162230404
2,"PEPTIDE1{[ClAc_F].[Bip].[Tic].[4TzA].C.V.Y.[4TzA]}$PEPTIDE1,PEPTIDE1,5:R3-1:R3$$$",,40.0,5802.0,39651.0,131618.0,21813.0,72544.0,34468.0,205888.0,87519.0,0.1657296114513212,0.4751323334803705,0.4250806263599627
3,"PEPTIDE1{[ClAc_F].[Bip].[Tic].[4TzA].C.Y.H.Y}$PEPTIDE1,PEPTIDE1,5:R3-1:R3$$$",,55.0,7017.0,47291.0,147193.0,29563.0,76430.0,41351.0,201500.0,96315.0,0.2008451488861562,0.5410310087661913,0.4779900744416873
4,"PEPTIDE1{[ClAc_F].[Bip].[Tic].[4TzA].C.Y.R.[4TzA]}$PEPTIDE1,PEPTIDE1,5:R3-1:R3$$$",,35.0,6216.0,40199.0,128586.0,14824.0,72842.0,22691.0,178484.0,55789.0,0.1152847121770643,0.3115098432223168,0.3125714349745635
5,"PEPTIDE1{[ClAc_F].[Bip].[Tic].[4TzA].C.Y.R.R}$PEPTIDE1,PEPTIDE1,5:R3-1:R3$$$",,28.0,1957.0,18053.0,71995.0,3626.0,45593.0,6823.0,143874.0,20486.0,0.0503646086533787,0.1496501655955958,0.1423884788078457
6,"PEPTIDE1{[ClAc_F].[Bip].[Tic].[4TzA].C.Y.H.R}$PEPTIDE1,PEPTIDE1,5:R3-1:R3$$$",,24.0,4203.0,29028.0,92447.0,8931.0,50123.0,14383.0,132754.0,34738.0,0.0966067043819702,0.2869540929313888,0.2616719646865631
7,"PEPTIDE1{[ClAc_F].[Bip].[Tic].[4TzA].C.Y.Y.Y}$PEPTIDE1,PEPTIDE1,5:R3-1:R3$$$",,28.0,5870.0,37473.0,106248.0,33120.0,50124.0,40470.0,127362.0,92816.0,0.3117235147955726,0.80739765381853,0.7287574001664546
8,"PEPTIDE1{[ClAc_F].[Bip].[Tic].[4TzA].C.V.Y.Y}$PEPTIDE1,PEPTIDE1,5:R3-1:R3$$$",,31.0,2703.0,18424.0,62449.0,11465.0,34742.0,17020.0,101814.0,45783.0,0.183589809284376,0.489896954694606,0.4496729329954623
9,"PEPTIDE1{[ClAc_F].[Bip].[Tic].[4TzA].C.Y.R.V}$PEPTIDE1,PEPTIDE1,5:R3-1:R3$$$",,24.0,3661.0,25199.0,78435.0,7096.0,38853.0,10447.0,97897.0,23990.0,0.0904698157710205,0.2688852855635343,0.2450534745702115
10,"PEPTIDE1{[ClAc_F].[Bip].[Tic].[4TzA].C.Y.Y.R}$PEPTIDE1,PEPTIDE1,5:R3-1:R3$$$",,36.0,3899.0,25847.0,74955.0,11774.0,35525.0,16136.0,87563.0,35887.0,0.1570809152157961,0.4542153413089373,0.4098420565764078
11,"PEPTIDE1{[ClAc_F].[Bip].[Tic].[4TzA].C.V.Y.G}$PEPTIDE1,PEPTIDE1,5:R3-1:R3$$$",,21.0,3002.0,18647.0,60333.0,5624.0,30483.0,8317.0,80969.0,19830.0,0.0932159846186995,0.2728405996785093,0.2449085452457113
12,"PEPTIDE1{[ClAc_F].[Bip].[Tic].[4TzA].C.L.R.[4TzA]}$PEPTIDE1,PEPTIDE1,5:R3-1:R3$$$",,16.0,2502.0,15506.0,47388.0,3901.0,25296.0,6042.0,61204.0,13535.0,0.0823204186713936,0.2388519924098671,0.2211456767531534
13,"PEPTIDE1{[ClAc_F].[Bip].[Tic].[4TzA].C.Y.S.Y}$PEPTIDE1,PEPTIDE1,5:R3-1:R3$$$",,48.0,4764.0,26573.0,69795.0,12649.0,28851.0,13666.0,60935.0,28725.0,0.1812307471881939,0.4736750892516724,0.4714039550340527
14,"PEPTIDE1{[ClAc_F].[Bip].[Tic].[4TzA].C.V.H.Y}$PEPTIDE1,PEPTIDE1,5:R3-1:R3$$$",,35.0,2977.0,15618.0,47162.0,5414.0,24371.0,7785.0,60591.0,18132.0,0.1147958101861668,0.319437035821263,0.2992523642125068
15,"PEPTIDE1{[ClAc_F].[Bip].[Tic].[4TzA].C.V.Y.V}$PEPTIDE1,PEPTIDE1,5:R3-1:R3$$$",,17.0,2431.0,14725.0,45115.0,4986.0,22433.0,6889.0,58205.0,16611.0,0.1105175662196608,0.3070922301965854,0.2853878532772098
16,"PEPTIDE1{[ClAc_F].[Bip].[Tic].[4TzA].C.V.Y.N}$PEPTIDE1,PEPTIDE1,5:R3-1:R3$$$",,38.0,4048.0,20607.0,52788.0,8032.0,23386.0,9514.0,48657.0,18829.0,0.1521557929832537,0.4068245959120841,0.386974124997431
17,"PEPTIDE1{[ClAc_F].[Bip].[Tic].[4TzA].C.V.Y.S}$PEPTIDE1,PEPTIDE1,5:R3-1:R3$$$",,24.0,2560.0,14198.0,40875.0,4678.0,19144.0,5901.0,44886.0,13045.0,0.1144464831804281,0.3082427914751358,0.2906251392416343
18,"PEPTIDE1{[ClAc_F].[Bip].[Tic].[4TzA].C.Y.N.Y}$PEPTIDE1,PEPTIDE1,5:R3-1:R3$$$",,31.0,5127.0,24731.0,60166.0,14616.0,23559.0,14392.0,44179.0,26440.0,0.2429278994781105,0.610891803557027,0.5984743882840263
19,"PEPTIDE1{[ClAc_F].[Bip].[Tic].V.R.[HyG].[tBuG].C}$PEPTIDE1,PEPTIDE1,8:R3-1:R3$$$",,14.0,213.0,1119.0,5826.0,70.0,5833.0,360.0,41203.0,1887.0,0.0120151047030552,0.0617178124464255,0.0457976360944591
20,"PEPTIDE1{[ClAc_F].[Bip].[Tic].[4TzA].C.[tBuG].Y.V}$PEPTIDE1,PEPTIDE1,5:R3-1:R3$$$",,15.0,1036.0,6775.0,23598.0,2195.0,13855.0,3570.0,40453.0,8997.0,0.0930163573184168,0.2576687116564417,0.2224062492274985
21,"PEPTIDE1{[ClAc_F].[Bip].[Tic].[4TzA].C.L.R.Y}$PEPTIDE1,PEPTIDE1,5:R3-1:R3$$$",,22.0,1722.0,10278.0,32531.0,2794.0,15900.0,3951.0,40333.0,9380.0,0.0858873074913159,0.2484905660377358,0.2325639054868222
22,"PEPTIDE1{[ClAc_F].[Bip].[Tic].[4TzA].C.[tBuG].Y.[4TzA]}$PEPTIDE1,PEPTIDE1,5:R3-1:R3$$$",,31.0,1923.0,10609.0,31587.0,5097.0,16248.0,7460.0,38963.0,15381.0,0.1613638522176844,0.4591334318069916,0.3947591304571003
23,"PEPTIDE1{[ClAc_F].[Bip].[Tic].[4TzA].C.Y.R.N}$PEPTIDE1,PEPTIDE1,5:R3-1:R3$$$",,36.0,4087.0,19733.0,50757.0,5302.0,20424.0,5708.0,38048.0,10286.0,0.104458498335205,0.2794751273012142,0.2703427249789739
24,"PEPTIDE1{[ClAc_F].[Bip].[Tic].[4TzA].C.V.R.[4TzA]}$PEPTIDE1,PEPTIDE1,5:R3-1:R3$$$",,26.0,1641.0,9513.0,28368.0,1639.0,14760.0,2579.0,36354.0,5694.0,0.0577763677382966,0.1747289972899729,0.1566265060240964
25,"PEPTIDE1{[ClAc_F].[Bip].[Tic].[4TzA].C.L.R.R}$PEPTIDE1,PEPTIDE1,5:R3-1:R3$$$",,14.0,827.0,6075.0,20656.0,812.0,11820.0,1532.0,31769.0,3830.0,0.0393106119287374,0.1296108291032149,0.1205577764487393
26,"PEPTIDE1{[ClAc_F].[Bip].[Tic].[4TzA].C.L.Y.R}$PEPTIDE1,PEPTIDE1,5:R3-1:R3$$$",,23.0,1785.0,10455.0,29262.0,3534.0,12682.0,4646.0,29296.0,9556.0,0.1207709657576378,0.3663460022078536,0.3261878754778809
27,"PEPTIDE1{[ClAc_F].[Bip].[Tic].[4TzA].C.Y.Y.[4TzA]}$PEPTIDE1,PEPTIDE1,5:R3-1:R3$$$",,35.0,4819.0,21317.0,45320.0,18208.0,16086.0,16948.0,28930.0,28007.0,0.4017652250661959,1.0535869700360565,0.9680954026961632
28,"PEPTIDE1{[ClAc_F].[Bip].[Tic].[4TzA].C.V.R.Y}$PEPTIDE1,PEPTIDE1,5:R3-1:R3$$$",,10.0,1202.0,5827.0,19453.0,1154.0,10049.0,1709.0,26418.0,4211.0,0.0593224695419729,0.1700666733008259,0.1593988946930123
29,"PEPTIDE1{[ClAc_F].[Bip].[Tic].[4TzA].C.L.Y.[4TzA]}$PEPTIDE1,PEPTIDE1,5:R3-1:R3$$$",,26.0,2957.0,13219.0,33057.0,8708.0,13215.0,9336.0,26146.0,16835.0,0.2634237831624164,0.7064699205448354,0.6438843417731202
30,"PEPTIDE1{[ClAc_F].[Bip].[Tic].[4TzA].C.Y.R.S}$PEPTIDE1,PEPTIDE1,5:R3-1:R3$$$",,29.0,1831.0,10020.0,28710.0,2147.0,12332.0,2779.0,25440.0,5511.0,0.0747823058167885,0.2253486863444696,0.216627358490566
31,"PEPTIDE1{[ClAc_F].[Bip].[Tic].[4TzA].C.[tBuG].Y.Y}$PEPTIDE1,PEPTIDE1,5:R3-1:R3$$$",,19.0,1314.0,7060.0,19866.0,3492.0,9807.0,4642.0,24763.0,10295.0,0.1757777106614315,0.4733353726929744,0.4157412268303517
32,"PEPTIDE1{[ClAc_F].[Bip].[Tic].V.S.[HyG].[tBuG].C}$PEPTIDE1,PEPTIDE1,8:R3-1:R3$$$",,10.0,145.0,1012.0,5138.0,84.0,4716.0,437.0,24527.0,1826.0,0.0163487738419618,0.0926632739609838,0.0744485668854731
33,"PEPTIDE1{[ClAc_F].[Bip].[Tic].[4TzA].C.Y.Y.S}$PEPTIDE1,PEPTIDE1,5:R3-1:R3$$$",,48.0,3864.0,18019.0,38168.0,9526.0,12821.0,8889.0,23249.0,14495.0,0.2495808006707189,0.6933156540051478,0.6234676760290765
34,"PEPTIDE1{[ClAc_F].[Bip].[Tic].[4TzA].C.V.H.[4TzA]}$PEPTIDE1,PEPTIDE1,5:R3-1:R3$$$",,24.0,3009.0,12792.0,28830.0,3507.0,11357.0,4144.0,22951.0,7217.0,0.1216441207075962,0.3648850928942502,0.3144525293015555
35,"PEPTIDE1{[ClAc_F].[Bip].[Tic].[4TzA].C.L.H.Y}$PEPTIDE1,PEPTIDE1,5:R3-1:R3$$$",,11.0,2059.0,10156.0,25811.0,4300.0,10715.0,4901.0,22579.0,9147.0,0.1665956375188872,0.4573961735884274,0.4051109437973338
36,"PEPTIDE1{[ClAc_F].[Bip].[Tic].[4TzA].C.Y.Y.N}$PEPTIDE1,PEPTIDE1,5:R3-1:R3$$$",,44.0,4836.0,19955.0,38869.0,11866.0,12565.0,10124.0,20620.0,15230.0,0.3052818441431475,0.8057302029446877,0.7386032977691561
37,"PEPTIDE1{[ClAc_F].H.[MeF].[Tic].G.C.Y.H}$PEPTIDE1,PEPTIDE1,6:R3-1:R3$$$",,3.0,54.0,2926.0,11186.0,262236.0,4657.0,542503.0,19175.0,838857.0,23.44323261219381,116.49194760575476,43.74743155149935
38,"PEPTIDE1{[ClAc_F].[Bip].[Tic].[4TzA].C.L.Y.Y}$PEPTIDE1,PEPTIDE1,5:R3-1:R3$$$",,25.0,2105.0,10430.0,24508.0,6594.0,9351.0,6744.0,19101.0,12620.0,0.2690550024481802,0.7212062880975296,0.6606983927543061
39,"PEPTIDE1{[ClAc_F].[Bip].[Tic].[4TzA].C.Y.[4TzA].Y}$PEPTIDE1,PEPTIDE1,5:R3-1:R3$$$",,37.0,3693.0,16197.0,34799.0,11980.0,11027.0,10351.0,18898.0,16785.0,0.3442627661714417,0.9386959281762944,0.8881892263731612
40,"PEPTIDE1{[ClAc_F].[Bip].[Tic].[4TzA].C.[tBuG].Y.S}$PEPTIDE1,PEPTIDE1,5:R3-1:R3$$$",,18.0,1522.0,7986.0,19621.0,2040.0,8682.0,2652.0,18512.0,4592.0,0.103970235971663,0.3054595715272978,0.2480553154710458
41,"PEPTIDE1{[ClAc_F].[Bip].[Tic].[4TzA].C.[tBuG].Y.H}$PEPTIDE1,PEPTIDE1,5:R3-1:R3$$$",,17.0,1174.0,6173.0,15881.0,1830.0,7554.0,2380.0,17794.0,4947.0,0.1152320382847427,0.3150648662960021,0.2780150612566033
42,"PEPTIDE1{[ClAc_F].[Bip].[Tic].[4TzA].C.V.S.[4TzA]}$PEPTIDE1,PEPTIDE1,5:R3-1:R3$$$",,37.0,2501.0,10317.0,23660.0,2198.0,9411.0,2485.0,17571.0,4279.0,0.0928994082840236,0.2640527042822229,0.2435262648682488
43,"PEPTIDE1{[ClAc_F].[Bip].[Tic].[4TzA].C.Y.S.N}$PEPTIDE1,PEPTIDE1,5:R3-1:R3$$$",,40.0,5348.0,20418.0,38369.0,6097.0,11698.0,4938.0,16549.0,6819.0,0.1589043238030701,0.4221234399042571,0.4120490664088465
44,"PEPTIDE1{[ClAc_F].[Bip].[Tic].[4TzA].C.Y.Y.G}$PEPTIDE1,PEPTIDE1,5:R3-1:R3$$$",,35.0,2534.0,11688.0,26093.0,6455.0,8972.0,6162.0,16412.0,10050.0,0.2473843559575365,0.6868033883192154,0.6123568120887156
45,"PEPTIDE1{[ClAc_F].[Bip].[Tic].[4TzA].C.V.S.Y}$PEPTIDE1,PEPTIDE1,5:R3-1:R3$$$",,27.0,1525.0,6432.0,17773.0,1630.0,7513.0,1916.0,16262.0,3945.0,0.0917121476396781,0.2550246239850925,0.2425900873201328
46,"PEPTIDE1{[ClAc_F].[Bip].[Tic].[4TzA].C.Y.S.[4TzA]}$PEPTIDE1,PEPTIDE1,5:R3-1:R3$$$",,51.0,4277.0,16065.0,30861.0,6869.0,10669.0,6430.0,15748.0,9526.0,0.2225786591490878,0.6026806636048364,0.6049022098044196
47,"PEPTIDE1{[ClAc_F].[Bip].[Tic].[4TzA].C.Y.N.R}$PEPTIDE1,PEPTIDE1,5:R3-1:R3$$$",,21.0,1860.0,9438.0,22051.0,2341.0,8364.0,2584.0,14918.0,4471.0,0.1061629858056324,0.3089430894308943,0.2997050542968226
48,"PEPTIDE1{[ClAc_F].[Bip].[Tic].[4TzA].C.Y.S.R}$PEPTIDE1,PEPTIDE1,5:R3-1:R3$$$",,34.0,1136.0,6079.0,16563.0,1132.0,7120.0,1630.0,14751.0,3128.0,0.0683451065628207,0.2289325842696629,0.2120534201071114
49,"PEPTIDE1{[ClAc_F].[Bip].[Tic].[4TzA].C.[tBuG].Y.G}$PEPTIDE1,PEPTIDE1,5:R3-1:R3$$$",,19.0,878.0,4965.0,13504.0,1277.0,6212.0,1753.0,13979.0,3426.0,0.0945645734597156,0.2821957501609787,0.2450819085771514
50,"PEPTIDE1{[ClAc_F].[Bip].[Tic].[4TzA].C.[tBuG].N.R}$PEPTIDE1,PEPTIDE1,5:R3-1:R3$$$",,10.0,1102.0,5681.0,14026.0,734.0,6413.0,1031.0,12756.0,1758.0,0.05233138457151,0.1607671916419772,0.1378174976481655
51,"PEPTIDE1{[ClAc_F].[Bip].[Tic].[4TzA].C.V.R.V}$PEPTIDE1,PEPTIDE1,5:R3-1:R3$$$",,11.0,856.0,4613.0,11957.0,579.0,5428.0,737.0,12113.0,1510.0,0.0484235176047503,0.1357774502579219,0.1246594567819697
52,"PEPTIDE1{[ClAc_F].[Bip].[Tic].[4TzA].C.[tBuG].S.R}$PEPTIDE1,PEPTIDE1,5:R3-1:R3$$$",,18.0,566.0,3424.0,9982.0,407.0,4981.0,653.0,11730.0,1277.0,0.0407733921057904,0.1310981730576189,0.1088661551577152
53,"PEPTIDE1{[ClAc_F].[Bip].[Tic].[4TzA].C.Y.[4TzA].R}$PEPTIDE1,PEPTIDE1,5:R3-1:R3$$$",,32.0,1939.0,8707.0,20061.0,3421.0,6766.0,3434.0,11725.0,5604.0,0.1705298838542445,0.507537688442211,0.4779530916844349
54,"PEPTIDE1{[ClAc_F].[Bip].[Tic].[4TzA].C.Y.Y.H}$PEPTIDE1,PEPTIDE1,5:R3-1:R3$$$",,31.0,2648.0,10967.0,20163.0,5774.0,6660.0,4879.0,11488.0,7908.0,0.2863661161533501,0.7325825825825826,0.6883704735376045
55,"PEPTIDE1{[ClAc_F].[Bip].[Tic].[4TzA].C.V.S.N}$PEPTIDE1,PEPTIDE1,5:R3-1:R3$$$",,43.0,2648.0,9345.0,20191.0,1472.0,7072.0,1446.0,11069.0,2283.0,0.0729037690059927,0.2044683257918552,0.2062516939199566
56,"PEPTIDE1{[ClAc_F].[Bip].[Tic].[4TzA].C.Y.H.[4TzA]}$PEPTIDE1,PEPTIDE1,5:R3-1:R3$$$",,33.0,2798.0,10707.0,20194.0,5441.0,6810.0,4627.0,10897.0,6919.0,0.269436466277112,0.6794419970631425,0.6349453978159126
57,"PEPTIDE1{[ClAc_F].[Bip].[Tic].[4TzA].C.Y.S.S}$PEPTIDE1,PEPTIDE1,5:R3-1:R3$$$",,47.0,2279.0,9430.0,20285.0,2494.0,6645.0,2402.0,10635.0,3649.0,0.1229479911264481,0.3614747930775018,0.3431123648330982
58,"PEPTIDE1{[ClAc_F].[Bip].[Tic].[4TzA].C.[tBuG].Y.L}$PEPTIDE1,PEPTIDE1,5:R3-1:R3$$$",,8.0,558.0,3124.0,8884.0,1286.0,4198.0,1663.0,10575.0,3481.0,0.144754615038271,0.396141019533111,0.3291725768321513
59,"PEPTIDE1{[ClAc_F].[Bip].[Tic].[4TzA].C.L.S.Y}$PEPTIDE1,PEPTIDE1,5:R3-1:R3$$$",,26.0,1805.0,7876.0,17437.0,2412.0,6051.0,2265.0,10519.0,3802.0,0.1383265469977633,0.3743182944967774,0.3614412016351364
60,"PEPTIDE1{[ClAc_F].[Bip].[Tic].[4TzA].C.L.R.S}$PEPTIDE1,PEPTIDE1,5:R3-1:R3$$$",,29.0,1165.0,5360.0,13628.0,795.0,5470.0,1034.0,10481.0,1768.0,0.0583357792779571,0.1890310786106032,0.1686861940654517
61,"PEPTIDE1{[ClAc_F].[Bip].[Tic].[4TzA].C.L.R.V}$PEPTIDE1,PEPTIDE1,5:R3-1:R3$$$",,16.0,1005.0,4980.0,12481.0,903.0,5051.0,1179.0,10432.0,2141.0,0.0723499719573752,0.2334191249257572,0.2052338957055214
62,"PEPTIDE1{[ClAc_F].[Bip].[Tic].[4TzA].C.[tBuG].H.R}$PEPTIDE1,PEPTIDE1,5:R3-1:R3$$$",,9.0,516.0,3183.0,8608.0,426.0,4334.0,643.0,10273.0,1318.0,0.0494888475836431,0.1483617904937701,0.1282974788279957
63,"PEPTIDE1{[ClAc_F].[Bip].[Tic].[4TzA].C.V.Y.R}$PEPTIDE1,PEPTIDE1,5:R3-1:R3$$$",,16.0,710.0,3091.0,8988.0,729.0,4083.0,905.0,9615.0,1940.0,0.0811081441922563,0.2216507469997551,0.2017680707228289
64,"PEPTIDE1{[ClAc_F].[Bip].[Tic].[4TzA].C.L.R.N}$PEPTIDE1,PEPTIDE1,5:R3-1:R3$$$",,29.0,1499.0,6613.0,14476.0,1199.0,5331.0,1239.0,9269.0,2029.0,0.0828267477203647,0.2324141812042768,0.218901715395404
65,"PEPTIDE1{[ClAc_F].[Bip].[Tic].[4TzA].C.Y.V.R}$PEPTIDE1,PEPTIDE1,5:R3-1:R3$$$",,12.0,1039.0,5575.0,12975.0,1370.0,4648.0,1494.0,9018.0,2704.0,0.1055876685934489,0.3214285714285714,0.2998447549345753
66,"PEPTIDE1{[ClAc_F].[Bip].[Tic].[4TzA].C.Y.H.S}$PEPTIDE1,PEPTIDE1,5:R3-1:R3$$$",,40.0,2185.0,8946.0,17331.0,2827.0,5682.0,2646.0,9001.0,3602.0,0.1631181120535456,0.4656810982048574,0.4001777580268859
67,"PEPTIDE1{[ClAc_F].[Bip].[Tic].[4TzA].C.V.H.V}$PEPTIDE1,PEPTIDE1,5:R3-1:R3$$$",,12.0,1310.0,5322.0,12128.0,1043.0,4537.0,1199.0,8494.0,1985.0,0.0859993403693931,0.2642715450738373,0.233694372498234
68,"PEPTIDE1{[ClAc_F].[Bip].[Tic].[4TzA].C.[tBuG].Y.N}$PEPTIDE1,PEPTIDE1,5:R3-1:R3$$$",,24.0,1251.0,4983.0,10890.0,1537.0,4453.0,1581.0,8150.0,2708.0,0.1411386593204775,0.3550415450258253,0.3322699386503067
69,"PEPTIDE1{[ClAc_F].[Bip].[Tic].[4TzA].C.L.S.R}$PEPTIDE1,PEPTIDE1,5:R3-1:R3$$$",,17.0,785.0,3953.0,9918.0,637.0,4074.0,752.0,8137.0,1468.0,0.0642266586005243,0.1845851742758959,0.1804104706894433
70,"PEPTIDE1{[ClAc_F].[Bip].[Tic].[4TzA].C.Y.H.H}$PEPTIDE1,PEPTIDE1,5:R3-1:R3$$$",,26.0,1784.0,7043.0,12862.0,2516.0,4293.0,2221.0,7919.0,3417.0,0.1956149898927072,0.5173538318192407,0.4314938754893294
71,"PEPTIDE1{[ClAc_F].[Bip].[Tic].[4TzA].C.L.Y.S}$PEPTIDE1,PEPTIDE1,5:R3-1:R3$$$",,37.0,1821.0,7534.0,14800.0,2813.0,4626.0,2562.0,7551.0,3554.0,0.1900675675675675,0.5538261997405967,0.4706661369355052
72,"PEPTIDE1{[ClAc_F].[Bip].[Tic].[4TzA].C.V.H.R}$PEPTIDE1,PEPTIDE1,5:R3-1:R3$$$",,14.0,614.0,2971.0,7995.0,452.0,3558.0,537.0,7272.0,1142.0,0.056535334584115,0.1509274873524451,0.157040704070407
73,"PEPTIDE1{[ClAc_F].[Bip].[Tic].[4TzA].C.V.R.S}$PEPTIDE1,PEPTIDE1,5:R3-1:R3$$$",,16.0,705.0,3271.0,8189.0,322.0,3397.0,400.0,6861.0,792.0,0.0393210404200757,0.1177509567265234,0.1154350677743769
74,"PEPTIDE1{[ClAc_F].[Bip].[Tic].[4TzA].C.L.H.R}$PEPTIDE1,PEPTIDE1,5:R3-1:R3$$$",,11.0,806.0,3967.0,9293.0,747.0,3803.0,995.0,6820.0,1668.0,0.0803830840417518,0.2616355508808835,0.244574780058651
75,"PEPTIDE1{[ClAc_F].[Bip].[Tic].[4TzA].C.Y.H.V}$PEPTIDE1,PEPTIDE1,5:R3-1:R3$$$",,16.0,1635.0,6549.0,12557.0,2385.0,3893.0,2139.0,6679.0,3056.0,0.1899339014095723,0.5494477266889288,0.4575535259769426
76,"PEPTIDE1{[ClAc_F].[Bip].[Tic].[4TzA].C.[tBuG].Y.v}$PEPTIDE1,PEPTIDE1,5:R3-1:R3$$$",,8.0,504.0,2342.0,6101.0,612.0,2891.0,843.0,6546.0,1607.0,0.1003114243566628,0.2915946039432722,0.2454934311029636
77,"PEPTIDE1{[ClAc_F].[Bip].[Tic].[4TzA].C.V.R.N}$PEPTIDE1,PEPTIDE1,5:R3-1:R3$$$",,8.0,986.0,3724.0,8694.0,432.0,3434.0,509.0,6054.0,860.0,0.0496894409937888,0.1482236458940011,0.1420548397753551
78,"PEPTIDE1{[ClAc_F].[Bip].[Tic].[4TzA].C.Y.S.V}$PEPTIDE1,PEPTIDE1,5:R3-1:R3$$$",,31.0,2438.0,8307.0,14753.0,2619.0,3945.0,2116.0,5724.0,2761.0,0.1775232156171626,0.5363751584283903,0.4823549965059399
79,"PEPTIDE1{[ClAc_F].[Bip].[Tic].[4TzA].C.Y.Y.V}$PEPTIDE1,PEPTIDE1,5:R3-1:R3$$$",,23.0,1541.0,6078.0,11678.0,3175.0,3514.0,2645.0,5720.0,3930.0,0.2718787463606782,0.7527034718269778,0.6870629370629371
80,"PEPTIDE1{[ClAc_F].[Bip].[Tic].[4TzA].C.L.S.[4TzA]}$PEPTIDE1,PEPTIDE1,5:R3-1:R3$$$",,31.0,1892.0,6746.0,12167.0,1782.0,3821.0,1556.0,5628.0,2263.0,0.1464617407742253,0.4072232399895315,0.4020966595593461
81,"PEPTIDE1{[ClAc_F].[Bip].[Tic].[4TzA].C.Y.R.G}$PEPTIDE1,PEPTIDE1,5:R3-1:R3$$$",,12.0,673.0,3062.0,7243.0,538.0,2760.0,671.0,5556.0,1276.0,0.0742786138340466,0.2431159420289855,0.2296616270698344
82,"PEPTIDE1{[ClAc_F].[Bip].[Tic].[4TzA].C.Y.H.N}$PEPTIDE1,PEPTIDE1,5:R3-1:R3$$$",,34.0,2434.0,8659.0,13959.0,2928.0,3872.0,2169.0,5417.0,2610.0,0.2097571459273587,0.5601756198347108,0.4818165035997784
83,"PEPTIDE1{[ClAc_F].[Bip].[Tic].[4TzA].C.Y.N.[4TzA]}$PEPTIDE1,PEPTIDE1,5:R3-1:R3$$$",,32.0,3136.0,10537.0,17084.0,5074.0,4495.0,3805.0,5376.0,4530.0,0.2970030437836572,0.8464961067853171,0.8426339285714286
84,"PEPTIDE1{[ClAc_F].[Bip].[Tic].[4TzA].C.L.Y.H}$PEPTIDE1,PEPTIDE1,5:R3-1:R3$$$",,23.0,1248.0,5138.0,10185.0,1980.0,3136.0,1703.0,5305.0,2695.0,0.1944035346097201,0.5430484693877551,0.5080113100848256
85,"PEPTIDE1{[ClAc_F].[Bip].[Tic].[4TzA].C.L.[Tic].R}$PEPTIDE1,PEPTIDE1,5:R3-1:R3$$$",,9.0,446.0,2334.0,5840.0,521.0,2477.0,659.0,5262.0,1283.0,0.0892123287671232,0.2660476382721033,0.2438236412010642
86,"PEPTIDE1{[ClAc_F].[Bip].[Tic].[4TzA].C.L.H.[4TzA]}$PEPTIDE1,PEPTIDE1,5:R3-1:R3$$$",,24.0,1367.0,5087.0,9655.0,1700.0,3316.0,1714.0,5083.0,2487.0,0.1760745727602278,0.5168878166465621,0.4892779854416683
87,"PEPTIDE1{[ClAc_F].[Bip].[Tic].[4TzA].C.V.H.G}$PEPTIDE1,PEPTIDE1,5:R3-1:R3$$$",,21.0,860.0,3521.0,7563.0,481.0,2731.0,559.0,4878.0,919.0,0.0635991008858918,0.2046869278652508,0.1883968839688397
88,"PEPTIDE1{[ClAc_F].[Bip].[Tic].[4TzA].C.V.Y}$PEPTIDE1,PEPTIDE1,5:R3-1:R3$$$",,,67.0,507.0,1906.0,186.0,1418.0,388.0,4851.0,1237.0,0.0975865687303252,0.2736248236953456,0.2549989692846836
89,"PEPTIDE1{[ClAc_F].[Bip].[Tic].[4TzA].C.L.Y.N}$PEPTIDE1,PEPTIDE1,5:R3-1:R3$$$",,30.0,1845.0,6648.0,11672.0,2645.0,3297.0,2216.0,4827.0,2862.0,0.2266106922549691,0.6721261753108887,0.5929148539465506
90,"PEPTIDE1{[ClAc_F].[Bip].[Tic].[4TzA].C.V.R.R}$PEPTIDE1,PEPTIDE1,5:R3-1:R3$$$",,5.0,338.0,1645.0,4747.0,139.0,2069.0,177.0,4816.0,399.0,0.0292816515694122,0.0855485741904301,0.0828488372093023
91,"PEPTIDE1{[ClAc_F].[Bip].[Tic].[4TzA].C.Y.[4TzA].[4TzA]}$PEPTIDE1,PEPTIDE1,5:R3-1:R3$$$",,32.0,3131.0,10062.0,15502.0,7370.0,4000.0,5032.0,4800.0,5977.0,0.4754225261256612,1.258,1.2452083333333333
92,"PEPTIDE1{[ClAc_F].[Bip].[Tic].[4TzA].C.[tBuG].Y.[HyG]}$PEPTIDE1,PEPTIDE1,5:R3-1:R3$$$",,20.0,769.0,2814.0,5577.0,1090.0,1912.0,1207.0,4606.0,1879.0,0.1954455800609646,0.6312761506276151,0.4079461571862787
93,"PEPTIDE1{[ClAc_F].[Bip].[Tic].[4TzA].C.V.S.S}$PEPTIDE1,PEPTIDE1,5:R3-1:R3$$$",,33.0,1068.0,4009.0,8539.0,507.0,2872.0,544.0,4541.0,762.0,0.059374634032088,0.1894150417827298,0.1678044483593922
94,"PEPTIDE1{[ClAc_F].[Bip].[Tic].[4TzA].C.Y.R.L}$PEPTIDE1,PEPTIDE1,5:R3-1:R3$$$",,6.0,499.0,2453.0,5802.0,782.0,2202.0,896.0,4467.0,1502.0,0.134781109962082,0.4069028156221617,0.3362435639131408
95,"PEPTIDE1{[ClAc_F].[Bip].[Tic].[4TzA].C.V.H.N}$PEPTIDE1,PEPTIDE1,5:R3-1:R3$$$",,24.0,1623.0,5036.0,9328.0,969.0,2994.0,846.0,4201.0,1086.0,0.1038807890222984,0.282565130260521,0.2585098786003332
96,"PEPTIDE1{[ClAc_F].[Bip].[Tic].[4TzA].C.Y.R.H}$PEPTIDE1,PEPTIDE1,5:R3-1:R3$$$",,8.0,340.0,1570.0,3527.0,298.0,1604.0,316.0,4010.0,803.0,0.0844910688970796,0.1970074812967581,0.2002493765586035
97,"PEPTIDE1{[ClAc_F].[Bip].[Tic].[4TzA].C.V.H.[MeF]}$PEPTIDE1,PEPTIDE1,5:R3-1:R3$$$",,14.0,925.0,3122.0,6746.0,1472.0,2247.0,1380.0,3939.0,2265.0,0.2182033797806107,0.6141522029372497,0.575019040365575
98,"PEPTIDE1{[ClAc_F].[Bip].[Tic].[4TzA].C.L.N.Y}$PEPTIDE1,PEPTIDE1,5:R3-1:R3$$$",,30.0,1428.0,5083.0,9221.0,1921.0,2717.0,1335.0,3870.0,2013.0,0.2083288146621841,0.4913507545086492,0.5201550387596899
99,"PEPTIDE1{[ClAc_F].[Bip].[Tic].[4TzA].C.L.S.N}$PEPTIDE1,PEPTIDE1,5:R3-1:R3$$$",,38.0,2151.0,6795.0,11447.0,1311.0,3062.0,1088.0,3840.0,1170.0,0.114527823883987,0.3553233180927498,0.3046875
100,"PEPTIDE1{[ClAc_F].[Bip].[Tic].[4TzA].C.Y.N.S}$PEPTIDE1,PEPTIDE1,5:R3-1:R3$$$",,39.0,2571.0,8329.0,12771.0,2658.0,3185.0,1831.0,3803.0,2043.0,0.2081277895231383,0.5748822605965463,0.537207467788588
101,"PEPTIDE1{[ClAc_F].[Bip].[Tic].[4TzA].C.L.Y.G}$PEPTIDE1,PEPTIDE1,5:R3-1:R3$$$",,16.0,1057.0,3964.0,7734.0,1400.0,2307.0,1160.0,3759.0,1733.0,0.1810188776829583,0.5028175119202427,0.4610268688480979
102,"PEPTIDE1{[ClAc_F].[HyG].Y.Y.C.Y.Y.Y}$PEPTIDE1,PEPTIDE1,5:R3-1:R3$$$",,9.0,416.0,1779.0,3478.0,542.0,1308.0,584.0,3725.0,1253.0,0.1558366877515813,0.4464831804281345,0.3363758389261745
103,"PEPTIDE1{[ClAc_F].[Bip].[Tic].[4TzA].C.[tBuG].R.R}$PEPTIDE1,PEPTIDE1,5:R3-1:R3$$$",,8.0,219.0,1240.0,3323.0,83.0,1577.0,108.0,3622.0,268.0,0.0249774300331026,0.0684844641724793,0.0739922694643843
104,"PEPTIDE1{[ClAc_F].[Bip].[Tic].[4TzA].C.V.R.G}$PEPTIDE1,PEPTIDE1,5:R3-1:R3$$$",,10.0,374.0,1583.0,4095.0,103.0,1852.0,163.0,3610.0,341.0,0.0251526251526251,0.0880129589632829,0.0944598337950138
105,"PEPTIDE1{[ClAc_F].[Bip].[Tic].V.S.[HyG].Y.C}$PEPTIDE1,PEPTIDE1,8:R3-1:R3$$$",,12.0,234.0,820.0,2283.0,133.0,1057.0,249.0,3348.0,663.0,0.0582566798072711,0.2355723746452223,0.1980286738351254
106,"PEPTIDE1{[ClAc_F].[Bip].[Tic].[4TzA].C.V.S.V}$PEPTIDE1,PEPTIDE1,5:R3-1:R3$$$",1.0,26.0,1081.0,3447.0,6809.0,462.0,2140.0,499.0,3314.0,692.0,0.0678513731825525,0.2331775700934579,0.2088111044055522
107,"PEPTIDE1{[ClAc_F].[Bip].[Tic].[4TzA].C.L.R.G}$PEPTIDE1,PEPTIDE1,5:R3-1:R3$$$",1.0,13.0,411.0,1802.0,4378.0,198.0,1704.0,307.0,3116.0,520.0,0.0452261306532663,0.1801643192488262,0.1668806161745828
108,"PEPTIDE1{[ClAc_F].[Bip].[Tic].[4TzA].C.V.V.R}$PEPTIDE1,PEPTIDE1,5:R3-1:R3$$$",,9.0,514.0,2009.0,4526.0,273.0,1583.0,295.0,3035.0,545.0,0.0603181617322138,0.1863550221099179,0.1795716639209225
109,"PEPTIDE1{[ClAc_F].[Bip].[Tic].[4TzA].C.V.H.S}$PEPTIDE1,PEPTIDE1,5:R3-1:R3$$$",,23.0,867.0,2980.0,5553.0,492.0,1780.0,466.0,3025.0,630.0,0.08860075634792,0.2617977528089887,0.2082644628099173
110,"PEPTIDE1{[ClAc_F].[Bip].[Tic].[4TzA].C.Y.R.[MeF]}$PEPTIDE1,PEPTIDE1,5:R3-1:R3$$$",,11.0,956.0,3691.0,6698.0,1749.0,2073.0,1415.0,2955.0,2089.0,0.2611227232009555,0.6825856246985046,0.7069373942470389
111,"PEPTIDE1{[ClAc_F].[Bip].[Tic].[4TzA].C.V.[Tic].[4TzA]}$PEPTIDE1,PEPTIDE1,5:R3-1:R3$$$",,11.0,745.0,2580.0,5354.0,1159.0,1635.0,1074.0,2924.0,1659.0,0.2164736645498692,0.6568807339449542,0.5673734610123119
112,"PEPTIDE1{[ClAc_F].[Bip].[Tic].[4TzA].C.Y.V.Y}$PEPTIDE1,PEPTIDE1,5:R3-1:R3$$$",,15.0,1186.0,4288.0,7602.0,2033.0,2093.0,1343.0,2825.0,1988.0,0.2674296237832149,0.641662685140946,0.703716814159292
113,"PEPTIDE1{[ClAc_F].[Bip].[Tic].[4TzA].C.V.Y.[MeF]}$PEPTIDE1,PEPTIDE1,5:R3-1:R3$$$",,14.0,715.0,2547.0,5117.0,1984.0,1550.0,1665.0,2709.0,2551.0,0.3877271838968145,1.0741935483870968,0.9416758951642672
114,"PEPTIDE1{[ClAc_F].[Bip].[Tic].[4TzA].C.V.Y.H}$PEPTIDE1,PEPTIDE1,5:R3-1:R3$$$",,16.0,567.0,1733.0,3574.0,475.0,1284.0,462.0,2684.0,831.0,0.1329043088975937,0.3598130841121495,0.3096125186289121
115,"PEPTIDE1{[ClAc_F].[Bip].[Tic].[4TzA].C.V.[Tic].N}$PEPTIDE1,PEPTIDE1,5:R3-1:R3$$$",,27.0,855.0,2886.0,5601.0,761.0,1636.0,677.0,2533.0,913.0,0.1358685948937689,0.4138141809290953,0.3604421634425582
116,"PEPTIDE1{[ClAc_F].[Bip].[Tic].[4TzA].C.V.V.Y}$PEPTIDE1,PEPTIDE1,5:R3-1:R3$$$",,11.0,684.0,2318.0,4765.0,770.0,1482.0,659.0,2429.0,1041.0,0.161594963273872,0.4446693657219973,0.4285714285714285
117,"PEPTIDE1{[ClAc_F].[Bip].[Tic].[4TzA].C.Y.[4TzA].S}$PEPTIDE1,PEPTIDE1,5:R3-1:R3$$$",,31.0,2129.0,6441.0,9394.0,3019.0,2066.0,1843.0,2427.0,1998.0,0.3213753459655099,0.8920619554695063,0.823238566131026
118,"PEPTIDE1{[ClAc_F].[Bip].[Tic].[4TzA].C.V.V.[4TzA]}$PEPTIDE1,PEPTIDE1,5:R3-1:R3$$$",,17.0,849.0,2947.0,5434.0,842.0,1454.0,730.0,2171.0,910.0,0.1549503128450496,0.5020632737276479,0.4191616766467065
119,"PEPTIDE1{[ClAc_F].[Bip].[Tic].[4TzA].C.Y.H.G}$PEPTIDE1,PEPTIDE1,5:R3-1:R3$$$",,25.0,908.0,3310.0,5536.0,976.0,1515.0,809.0,2142.0,924.0,0.176300578034682,0.533993399339934,0.4313725490196078
120,"PEPTIDE1{[ClAc_F].[Bip].[Tic].[4TzA].C.[tBuG].[4TzA].R}$PEPTIDE1,PEPTIDE1,5:R3-1:R3$$$",,11.0,505.0,2077.0,3901.0,332.0,1397.0,312.0,2104.0,486.0,0.0851063829787234,0.2233357193987115,0.2309885931558935
121,"PEPTIDE1{[ClAc_F].[Bip].[Tic].[4TzA].C.[tBuG].H.Y}$PEPTIDE1,PEPTIDE1,5:R3-1:R3$$$",,15.0,462.0,1539.0,3165.0,354.0,1200.0,349.0,2065.0,558.0,0.1118483412322274,0.2908333333333333,0.2702179176755448
122,"PEPTIDE1{[ClAc_F].[Bip].[Tic].[4TzA].C.Y.R}$PEPTIDE1,PEPTIDE1,5:R3-1:R3$$$",,2.0,58.0,330.0,1058.0,103.0,666.0,193.0,2042.0,538.0,0.0973534971644612,0.2897897897897898,0.2634671890303623
123,"PEPTIDE1{[ClAc_F].[Bip].[Tic].[4TzA].C.L.R.L}$PEPTIDE1,PEPTIDE1,5:R3-1:R3$$$",,9.0,332.0,1475.0,3044.0,299.0,1105.0,360.0,2017.0,564.0,0.0982260183968462,0.3257918552036199,0.2796232027764005
124,"PEPTIDE1{[ClAc_F].[Bip].[Tic].[4TzA].C.[tBuG].S.S}$PEPTIDE1,PEPTIDE1,5:R3-1:R3$$$",,23.0,628.0,2023.0,3914.0,299.0,1308.0,286.0,2010.0,336.0,0.07639243740419,0.2186544342507645,0.1671641791044776
125,"PEPTIDE1{[ClAc_F].[Bip].[Tic].[4TzA].C.V.S.G}$PEPTIDE1,PEPTIDE1,5:R3-1:R3$$$",,11.0,622.0,2236.0,4228.0,216.0,1282.0,236.0,1996.0,300.0,0.0510879848628193,0.1840873634945397,0.1503006012024048
126,"PEPTIDE1{[ClAc_F].[Bip].[Tic].[4TzA].C.L.N.[4TzA]}$PEPTIDE1,PEPTIDE1,5:R3-1:R3$$$",,25.0,1534.0,4295.0,6834.0,1358.0,1699.0,966.0,1988.0,1058.0,0.1987123207491952,0.568569746909947,0.5321931589537223
127,"PEPTIDE1{[ClAc_F].[Bip].[Tic].[4TzA].C.V.V.G}$PEPTIDE1,PEPTIDE1,5:R3-1:R3$$$",,10.0,688.0,2379.0,4601.0,349.0,1306.0,275.0,1962.0,392.0,0.0758530754183873,0.2105666156202144,0.199796126401631
128,"PEPTIDE1{[ClAc_F].[Bip].[Tic].[4TzA].C.[tBuG].R.[4TzA]}$PEPTIDE1,PEPTIDE1,5:R3-1:R3$$$",,8.0,321.0,1187.0,2677.0,129.0,1057.0,179.0,1915.0,264.0,0.0481882704519985,0.1693472090823084,0.1378590078328981
129,"PEPTIDE1{[ClAc_F].[Bip].[Tic].[4TzA].C.V.[Tic].S}$PEPTIDE1,PEPTIDE1,5:R3-1:R3$$$",,7.0,440.0,1537.0,3336.0,391.0,1057.0,405.0,1898.0,577.0,0.1172062350119904,0.3831598864711447,0.3040042149631191
130,"PEPTIDE1{[ClAc_F].[Bip].[Tic].[4TzA].C.L.V.R}$PEPTIDE1,PEPTIDE1,5:R3-1:R3$$$",,7.0,373.0,1574.0,3298.0,277.0,1142.0,257.0,1828.0,418.0,0.0839902971497877,0.2250437828371278,0.2286652078774617
131,"PEPTIDE1{[ClAc_F].[Bip].[Tic].[4TzA].C.[tBuG].N.Y}$PEPTIDE1,PEPTIDE1,5:R3-1:R3$$$",,15.0,695.0,2173.0,4114.0,487.0,1275.0,395.0,1800.0,539.0,0.1183762761302868,0.3098039215686274,0.2994444444444444
132,"PEPTIDE1{[ClAc_F].[Bip].[Tic].[4TzA].C.Y.H.[MeF]}$PEPTIDE1,PEPTIDE1,5:R3-1:R3$$$",,15.0,1003.0,3601.0,5265.0,2472.0,1336.0,1738.0,1741.0,2045.0,0.4695156695156695,1.3008982035928145,1.1746122917863298
133,"PEPTIDE1{[ClAc_F].[Bip].[Tic].[4TzA].C.V.L.R}$PEPTIDE1,PEPTIDE1,5:R3-1:R3$$$",,10.0,313.0,1246.0,2787.0,202.0,912.0,220.0,1723.0,364.0,0.0724793684965913,0.2412280701754386,0.2112594312246082
134,"PEPTIDE1{[ClAc_F].[Bip].[Tic].[4TzA].C.V.S.[MeF]}$PEPTIDE1,PEPTIDE1,5:R3-1:R3$$$",,8.0,426.0,1347.0,3083.0,485.0,1027.0,434.0,1679.0,694.0,0.157314304249108,0.4225900681596884,0.4133412745681953
135,"PEPTIDE1{[ClAc_F].[Bip].[Tic].V.R.[HyG].R.C}$PEPTIDE1,PEPTIDE1,8:R3-1:R3$$$",,4.0,54.0,265.0,777.0,15.0,395.0,38.0,1599.0,133.0,0.0193050193050193,0.0962025316455696,0.08317698561601
136,"PEPTIDE1{[ClAc_F].[Bip].[Tic].[4TzA].C.Y.[4TzA].[MeF]}$PEPTIDE1,PEPTIDE1,5:R3-1:R3$$$",,19.0,1363.0,4266.0,6312.0,4084.0,1327.0,2469.0,1589.0,2671.0,0.64702154626109,1.8605877920120573,1.6809314033983638
137,"PEPTIDE1{[ClAc_F].[Bip].[Tic].V.S.[HyG].R.C}$PEPTIDE1,PEPTIDE1,8:R3-1:R3$$$",,5.0,74.0,316.0,989.0,31.0,501.0,80.0,1588.0,229.0,0.0313447927199191,0.1596806387225549,0.1442065491183879
138,"PEPTIDE1{[ClAc_F].[Bip].[Tic].[4TzA].C.Y.[4TzA].N}$PEPTIDE1,PEPTIDE1,5:R3-1:R3$$$",,36.0,2215.0,6076.0,7713.0,2924.0,1548.0,1614.0,1573.0,1463.0,0.3791002204071049,1.0426356589147288,0.93006993006993
139,"PEPTIDE1{[ClAc_F].[Bip].[Tic].[4TzA].C.L.H.H}$PEPTIDE1,PEPTIDE1,5:R3-1:R3$$$",,12.0,628.0,2450.0,3764.0,563.0,1082.0,452.0,1556.0,589.0,0.1495749202975557,0.4177449168207024,0.3785347043701799
140,"PEPTIDE1{[ClAc_F].[Bip].[HyG].v.Y.C.N.[4TzA]}$PEPTIDE1,PEPTIDE1,6:R3-1:R3$$$",,3.0,54.0,397.0,1146.0,122.0,562.0,161.0,1530.0,341.0,0.106457242582897,0.2864768683274021,0.222875816993464
141,"PEPTIDE1{[ClAc_F].[Bip].[Tic].[4TzA].C.V.S.v}$PEPTIDE1,PEPTIDE1,5:R3-1:R3$$$",,19.0,780.0,2314.0,3988.0,344.0,1076.0,288.0,1503.0,349.0,0.0862587763289869,0.2676579925650557,0.2322022621423819
142,"PEPTIDE1{[ClAc_F].[Bip].[Tic].[4TzA].C.[tBuG].N.[4TzA]}$PEPTIDE1,PEPTIDE1,5:R3-1:R3$$$",,17.0,819.0,2296.0,3955.0,504.0,1173.0,436.0,1460.0,455.0,0.127433628318584,0.371696504688832,0.3116438356164384
143,"PEPTIDE1{[ClAc_F].[Bip].[Tic].[4TzA].C.H.[Tic].[MeF]}$PEPTIDE1,PEPTIDE1,5:R3-1:R3$$$",,12.0,486.0,1946.0,3152.0,1205.0,951.0,999.0,1423.0,1325.0,0.3822969543147208,1.0504731861198735,0.9311314125087844
144,"PEPTIDE1{[ClAc_F].[Bip].[Tic].[4TzA].C.[tBuG].S.[4TzA]}$PEPTIDE1,PEPTIDE1,5:R3-1:R3$$$",,21.0,583.0,1760.0,3037.0,329.0,982.0,296.0,1423.0,352.0,0.1083305893974316,0.3014256619144603,0.2473647224174279
145,"PEPTIDE1{[ClAc_F].[Bip].[Tic].[4TzA].C.V.v.[4TzA]}$PEPTIDE1,PEPTIDE1,5:R3-1:R3$$$",,12.0,711.0,2085.0,3760.0,649.0,1033.0,446.0,1418.0,622.0,0.1726063829787234,0.4317521781219748,0.4386459802538787
146,"PEPTIDE1{[ClAc_F].[Bip].[Tic].[4TzA].C.[tBuG].Y.[tBuG]}$PEPTIDE1,PEPTIDE1,5:R3-1:R3$$$",,11.0,148.0,700.0,1678.0,202.0,677.0,265.0,1381.0,424.0,0.1203814064362336,0.3914327917282127,0.3070238957277335
147,"PEPTIDE1{[ClAc_F].[Bip].[Tic].[4TzA].C.L.R.H}$PEPTIDE1,PEPTIDE1,5:R3-1:R3$$$",,7.0,202.0,708.0,1639.0,85.0,639.0,105.0,1379.0,217.0,0.0518608907870652,0.1643192488262911,0.1573604060913705
148,"PEPTIDE1{[ClAc_F].[Bip].[Tic].[4TzA].C.S.Y.Y}$PEPTIDE1,PEPTIDE1,5:R3-1:R3$$$",,19.0,662.0,2002.0,3214.0,821.0,977.0,643.0,1369.0,869.0,0.2554449284380833,0.6581371545547595,0.6347699050401753
149,"PEPTIDE1{[ClAc_F].[Bip].[Tic].[4TzA].C.L.Y.V}$PEPTIDE1,PEPTIDE1,5:R3-1:R3$$$",,17.0,576.0,1970.0,3347.0,755.0,927.0,578.0,1362.0,760.0,0.2255751419181356,0.6235167206040992,0.5580029368575624
150,"PEPTIDE1{[ClAc_F].[Bip].[Tic].[4TzA].C.V.R.H}$PEPTIDE1,PEPTIDE1,5:R3-1:R3$$$",,13.0,312.0,970.0,2218.0,103.0,883.0,116.0,1345.0,177.0,0.0464382326420198,0.131370328425821,0.1315985130111524
151,"PEPTIDE1{[ClAc_F].[Bip].[Tic].[4TzA].C.[tBuG].H.V}$PEPTIDE1,PEPTIDE1,5:R3-1:R3$$$",,6.0,301.0,1139.0,2236.0,169.0,774.0,170.0,1336.0,263.0,0.0755813953488372,0.2196382428940568,0.1968562874251497
152,"PEPTIDE1{[ClAc_F].[Bip].[Tic].[4TzA].C.Y.Y}$PEPTIDE1,PEPTIDE1,5:R3-1:R3$$$",,1.0,85.0,542.0,1342.0,386.0,614.0,415.0,1331.0,886.0,0.2876304023845007,0.6758957654723127,0.6656649135987979
153,"PEPTIDE1{[ClAc_F].[Bip].[Tic].[4TzA].C.Y.S.G}$PEPTIDE1,PEPTIDE1,5:R3-1:R3$$$",,19.0,689.0,2288.0,3686.0,513.0,924.0,459.0,1328.0,523.0,0.1391752577319587,0.4967532467532468,0.3938253012048193
154,"PEPTIDE1{[ClAc_F].[Bip].[Tic].[4TzA].C.Y.R.[HyG]}$PEPTIDE1,PEPTIDE1,5:R3-1:R3$$$",,4.0,76.0,105.0,318.0,27.0,284.0,38.0,1314.0,188.0,0.0849056603773584,0.1338028169014084,0.1430745814307458
155,"PEPTIDE1{[ClAc_F].[Bip].[Tic].V.N.[HyG].[tBuG].C}$PEPTIDE1,PEPTIDE1,8:R3-1:R3$$$",,1.0,28.0,117.0,493.0,6.0,326.0,22.0,1299.0,78.0,0.0121703853955375,0.0674846625766871,0.0600461893764434
156,"PEPTIDE1{[ClAc_F].[HyG].Y.Y.C.Y.Y.[4TzA]}$PEPTIDE1,PEPTIDE1,5:R3-1:R3$$$",,2.0,77.0,327.0,701.0,86.0,349.0,93.0,1259.0,243.0,0.122681883024251,0.2664756446991404,0.1930103256552819
157,"PEPTIDE1{[ClAc_F].[Bip].[Tic].[4TzA].C.L.S.H}$PEPTIDE1,PEPTIDE1,5:R3-1:R3$$$",,7.0,461.0,1613.0,3109.0,315.0,891.0,263.0,1232.0,372.0,0.1013187520102927,0.2951739618406285,0.3019480519480519
158,"PEPTIDE1{[ClAc_F].[Bip].[Tic].[4TzA].C.Y.[4TzA].V}$PEPTIDE1,PEPTIDE1,5:R3-1:R3$$$",,24.0,1249.0,3761.0,5278.0,1823.0,1069.0,1037.0,1228.0,1132.0,0.3453959833270178,0.9700654817586528,0.9218241042345277
159,"PEPTIDE1{[ClAc_F].[Bip].[Tic].[4TzA].C.[tBuG].R.V}$PEPTIDE1,PEPTIDE1,5:R3-1:R3$$$",,6.0,204.0,870.0,1830.0,69.0,712.0,94.0,1214.0,137.0,0.0377049180327868,0.1320224719101123,0.1128500823723229
160,"PEPTIDE1{[ClAc_F].[Bip].[Tic].[4TzA].C.Y.S.H}$PEPTIDE1,PEPTIDE1,5:R3-1:R3$$$",,14.0,402.0,1308.0,2269.0,324.0,780.0,268.0,1212.0,457.0,0.1427941824592331,0.3435897435897436,0.377062706270627
161,"PEPTIDE1{[ClAc_F].[Bip].[Tic].[4TzA].C.Y.S.v}$PEPTIDE1,PEPTIDE1,5:R3-1:R3$$$",,31.0,1285.0,3486.0,4965.0,891.0,1038.0,520.0,1184.0,535.0,0.1794561933534743,0.5009633911368016,0.4518581081081081
162,"PEPTIDE1{[ClAc_F].[Bip].[Tic].[4TzA].C.Y.N.N}$PEPTIDE1,PEPTIDE1,5:R3-1:R3$$$",,32.0,2006.0,5101.0,6134.0,1692.0,1275.0,893.0,1159.0,801.0,0.2758395826540593,0.7003921568627451,0.6911130284728214
163,"PEPTIDE1{[ClAc_F].[Bip].[Tic].[4TzA].C.Y.R.[Tic]}$PEPTIDE1,PEPTIDE1,5:R3-1:R3$$$",,14.0,564.0,1932.0,3029.0,833.0,805.0,588.0,1143.0,768.0,0.2750082535490261,0.7304347826086957,0.6719160104986877
164,"PEPTIDE1{[ClAc_F].[Bip].[Tic].[4TzA].C.L.S.S}$PEPTIDE1,PEPTIDE1,5:R3-1:R3$$$",,33.0,753.0,2196.0,3525.0,350.0,876.0,285.0,1142.0,323.0,0.0992907801418439,0.3253424657534247,0.2828371278458844
165,"PEPTIDE1{[ClAc_F].[Bip].[Tic].[4TzA].C.Y.V.[4TzA]}$PEPTIDE1,PEPTIDE1,5:R3-1:R3$$$",,15.0,1039.0,3328.0,4615.0,1535.0,931.0,902.0,1140.0,962.0,0.3326110509209101,0.9688506981740064,0.843859649122807
166,"PEPTIDE1{[ClAc_F].[Bip].[Tic].[4TzA].C.[tBuG].S.V}$PEPTIDE1,PEPTIDE1,5:R3-1:R3$$$",,9.0,352.0,1160.0,2503.0,162.0,698.0,157.0,1095.0,200.0,0.0647223332001598,0.2249283667621776,0.182648401826484
167,"PEPTIDE1{[ClAc_F].[Bip].[Tic].[4TzA].C.[tBuG].R.S}$PEPTIDE1,PEPTIDE1,5:R3-1:R3$$$",,6.0,214.0,757.0,1739.0,65.0,638.0,83.0,1095.0,96.0,0.0373778033352501,0.1300940438871473,0.0876712328767123
168,"PEPTIDE1{[ClAc_F].[Bip].[Tic].[4TzA].C.L.[4TzA].Y}$PEPTIDE1,PEPTIDE1,5:R3-1:R3$$$",1.0,9.0,794.0,2345.0,3483.0,1217.0,839.0,804.0,1088.0,848.0,0.3494114269308068,0.9582836710369488,0.7794117647058824
169,"PEPTIDE1{[ClAc_F].[Bip].[Tic].[4TzA].C.Y.[tBuG].Y}$PEPTIDE1,PEPTIDE1,5:R3-1:R3$$$",,14.0,522.0,1568.0,2631.0,781.0,765.0,577.0,1082.0,692.0,0.2968453059673128,0.7542483660130719,0.6395563770794824
170,"PEPTIDE1{[ClAc_F].[Bip].[Tic].[4TzA].C.[tBuG].S.Y}$PEPTIDE1,PEPTIDE1,5:R3-1:R3$$$",,10.0,446.0,1297.0,2396.0,249.0,766.0,195.0,1056.0,265.0,0.103923205342237,0.2545691906005222,0.2509469696969697
171,"PEPTIDE1{[ClAc_F].[Bip].[Tic].[4TzA].C.[tBuG].N.L}$PEPTIDE1,PEPTIDE1,5:R3-1:R3$$$",,11.0,330.0,1072.0,1972.0,222.0,702.0,194.0,1052.0,284.0,0.1125760649087221,0.2763532763532763,0.2699619771863117
172,"PEPTIDE1{[ClAc_F].[Bip].[Tic].[4TzA].C.L.[Tic].[4TzA]}$PEPTIDE1,PEPTIDE1,5:R3-1:R3$$$",,9.0,518.0,1602.0,2655.0,845.0,687.0,646.0,1039.0,751.0,0.3182674199623352,0.940320232896652,0.7228103946102021
173,"PEPTIDE1{[ClAc_F].[Bip].[Tic].[4TzA].C.L.H.S}$PEPTIDE1,PEPTIDE1,5:R3-1:R3$$$",,17.0,618.0,1928.0,2938.0,388.0,748.0,299.0,994.0,365.0,0.1320626276378488,0.3997326203208556,0.3672032193158954
174,"PEPTIDE1{[ClAc_F].[Bip].[Tic].[4TzA].C.L.N.R}$PEPTIDE1,PEPTIDE1,5:R3-1:R3$$$",,14.0,556.0,1926.0,3039.0,260.0,817.0,235.0,990.0,236.0,0.0855544587035209,0.2876376988984088,0.2383838383838384
175,"PEPTIDE1{[ClAc_F].[Bip].[Tic].V.S.[HyG].S.C}$PEPTIDE1,PEPTIDE1,8:R3-1:R3$$$",,7.0,76.0,287.0,852.0,24.0,326.0,61.0,980.0,130.0,0.028169014084507,0.1871165644171779,0.1326530612244898
176,"PEPTIDE1{[ClAc_F].[Bip].[Tic].[4TzA].C.V.[4TzA].[4TzA]}$PEPTIDE1,PEPTIDE1,5:R3-1:R3$$$",,23.0,827.0,1929.0,3255.0,763.0,837.0,564.0,978.0,630.0,0.2344086021505376,0.6738351254480287,0.6441717791411042
177,"PEPTIDE1{[ClAc_F].[Bip].[Tic].[4TzA].C.[tBuG].S.L}$PEPTIDE1,PEPTIDE1,5:R3-1:R3$$$",,7.0,255.0,978.0,1783.0,170.0,621.0,150.0,971.0,201.0,0.095344924284913,0.2415458937198067,0.2070030895983522
178,"PEPTIDE1{[ClAc_F].[Bip].[HyG].v.Y.C.S.[4TzA]}$PEPTIDE1,PEPTIDE1,6:R3-1:R3$$$",,3.0,35.0,332.0,771.0,78.0,346.0,117.0,957.0,218.0,0.1011673151750972,0.338150289017341,0.2277951933124347
179,"PEPTIDE1{[ClAc_F].[Bip].[Tic].[4TzA].C.Y.G.[4TzA]}$PEPTIDE1,PEPTIDE1,5:R3-1:R3$$$",,11.0,853.0,2446.0,3681.0,783.0,830.0,525.0,944.0,543.0,0.2127139364303178,0.6325301204819277,0.5752118644067796
180,"PEPTIDE1{[ClAc_F].[Bip].[Tic].[4TzA].C.S.Y.R}$PEPTIDE1,PEPTIDE1,5:R3-1:R3$$$",,4.0,206.0,694.0,1311.0,154.0,405.0,152.0,939.0,262.0,0.1174675819984744,0.3753086419753086,0.2790202342917998
181,"PEPTIDE1{[ClAc_F].[HyG].Y.Y.C.[4TzA].Y.Y}$PEPTIDE1,PEPTIDE1,5:R3-1:R3$$$",,12.0,324.0,951.0,1364.0,184.0,391.0,129.0,919.0,273.0,0.1348973607038123,0.329923273657289,0.2970620239390642
182,"PEPTIDE1{[ClAc_F].[Bip].[Tic].[4TzA].C.L.S.V}$PEPTIDE1,PEPTIDE1,5:R3-1:R3$$$",,20.0,758.0,2263.0,3286.0,405.0,775.0,344.0,919.0,348.0,0.1232501521606816,0.4438709677419354,0.3786724700761698
183,"PEPTIDE1{[ClAc_F].[Bip].[Tic].[4TzA].C.Y.Y.[MeF]}$PEPTIDE1,PEPTIDE1,5:R3-1:R3$$$",,14.0,1160.0,3145.0,3892.0,3004.0,738.0,1646.0,913.0,1626.0,0.7718396711202467,2.230352303523035,1.7809419496166483
184,"PEPTIDE1{[ClAc_F].[Bip].[Tic].[4TzA].C.Y.V.S}$PEPTIDE1,PEPTIDE1,5:R3-1:R3$$$",,27.0,829.0,2488.0,3595.0,671.0,738.0,408.0,881.0,441.0,0.1866481223922114,0.5528455284552846,0.5005675368898979
185,"PEPTIDE1{[ClAc_F].[Bip].[Tic].[4TzA].C.[tBuG].R.Y}$PEPTIDE1,PEPTIDE1,5:R3-1:R3$$$",,8.0,231.0,749.0,1518.0,90.0,478.0,91.0,860.0,119.0,0.0592885375494071,0.1903765690376569,0.1383720930232558
186,"PEPTIDE1{[ClAc_F].[HyG].Y.Y.C.H.Y.Y}$PEPTIDE1,PEPTIDE1,5:R3-1:R3$$$",,7.0,203.0,696.0,1072.0,101.0,344.0,97.0,849.0,163.0,0.0942164179104477,0.2819767441860465,0.1919905771495877
187,"PEPTIDE1{[ClAc_F].[Bip].[Tic].[4TzA].C.Y.Y.[HyG]}$PEPTIDE1,PEPTIDE1,5:R3-1:R3$$$",,1.0,102.0,123.0,247.0,62.0,182.0,49.0,844.0,193.0,0.2510121457489878,0.2692307692307692,0.2286729857819905
188,"PEPTIDE1{[ClAc_F].[Bip].[Tic].[4TzA].C.V.[Tic].G}$PEPTIDE1,PEPTIDE1,5:R3-1:R3$$$",,8.0,315.0,1049.0,1991.0,230.0,564.0,213.0,837.0,242.0,0.1155198392767453,0.3776595744680851,0.2891278375149343
189,"PEPTIDE1{[ClAc_F].[Bip].[Tic].[4TzA].C.[tBuG].N.V}$PEPTIDE1,PEPTIDE1,5:R3-1:R3$$$",,11.0,365.0,1183.0,1978.0,165.0,606.0,134.0,831.0,201.0,0.0834175935288169,0.2211221122112211,0.2418772563176895
190,"PEPTIDE1{[ClAc_F].[HyG].Y.Y.C.Y.Y.V}$PEPTIDE1,PEPTIDE1,5:R3-1:R3$$$",,2.0,58.0,252.0,498.0,48.0,265.0,46.0,828.0,117.0,0.0963855421686747,0.1735849056603773,0.1413043478260869
191,"PEPTIDE1{[ClAc_F].[Bip].[Tic].[4TzA].C.L.H.N}$PEPTIDE1,PEPTIDE1,5:R3-1:R3$$$",,18.0,731.0,2143.0,2827.0,484.0,721.0,308.0,809.0,303.0,0.1712062256809338,0.4271844660194174,0.3745364647713226
192,"PEPTIDE1{[ClAc_F].[Bip].[HyG].v.[4TzA].C.N.Y}$PEPTIDE1,PEPTIDE1,6:R3-1:R3$$$",,2.0,41.0,266.0,733.0,88.0,307.0,109.0,792.0,216.0,0.1200545702592087,0.3550488599348534,0.2727272727272727
193,"PEPTIDE1{[ClAc_F].[Bip].[Tic].[4TzA].C.Y.H.[HyG]}$PEPTIDE1,PEPTIDE1,5:R3-1:R3$$$",,1.0,61.0,95.0,270.0,42.0,235.0,50.0,785.0,168.0,0.1555555555555555,0.2127659574468085,0.2140127388535032
194,"PEPTIDE1{[ClAc_F].[Bip].[Tic].[4TzA].C.[tBuG].H.[4TzA]}$PEPTIDE1,PEPTIDE1,5:R3-1:R3$$$",,15.0,318.0,1032.0,1634.0,192.0,480.0,182.0,777.0,247.0,0.1175030599755202,0.3791666666666666,0.3178893178893179
195,"PEPTIDE1{[ClAc_F].[HyG].Y.Y.C.H.Y.[4TzA]}$PEPTIDE1,PEPTIDE1,5:R3-1:R3$$$",,4.0,43.0,190.0,387.0,26.0,197.0,35.0,769.0,85.0,0.0671834625322997,0.1776649746192893,0.1105331599479843
196,"PEPTIDE1{[ClAc_F].[Bip].[Tic].[4TzA].C.V.H.H}$PEPTIDE1,PEPTIDE1,5:R3-1:R3$$$",,11.0,366.0,779.0,1281.0,113.0,406.0,98.0,752.0,164.0,0.0882123341139734,0.2413793103448276,0.2180851063829787
197,"PEPTIDE1{[ClAc_F].[Bip].[HyG].v.Y.C.R.[4TzA]}$PEPTIDE1,PEPTIDE1,6:R3-1:R3$$$",,,19.0,182.0,528.0,54.0,267.0,64.0,746.0,162.0,0.1022727272727272,0.2397003745318352,0.2171581769436997
198,"PEPTIDE1{[ClAc_F].[HyG].Y.Y.C.Y.Y.S}$PEPTIDE1,PEPTIDE1,5:R3-1:R3$$$",,1.0,21.0,154.0,438.0,22.0,193.0,40.0,746.0,100.0,0.0502283105022831,0.2072538860103626,0.1340482573726541
199,"PEPTIDE1{[ClAc_F].[Bip].[Tic].[4TzA].C.V.R.[MeF]}$PEPTIDE1,PEPTIDE1,5:R3-1:R3$$$",,6.0,277.0,766.0,1521.0,178.0,468.0,120.0,735.0,209.0,0.1170282708744247,0.2564102564102564,0.2843537414965986
200,"PEPTIDE1{[ClAc_F].[Bip].[Tic].[4TzA].C.Y.v.[4TzA]}$PEPTIDE1,PEPTIDE1,5:R3-1:R3$$$",,28.0,871.0,2333.0,3096.0,1177.0,705.0,702.0,729.0,687.0,0.3801679586563307,0.9957446808510638,0.9423868312757202
201,"PEPTIDE1{[ClAc_F].[Bip].[Tic].[4TzA].C.Y.N.G}$PEPTIDE1,PEPTIDE1,5:R3-1:R3$$$",,18.0,1128.0,2876.0,3636.0,852.0,707.0,475.0,714.0,389.0,0.2343234323432343,0.6718528995756718,0.5448179271708683
202,"PEPTIDE1{[ClAc_F].[Bip].[Tic].[4TzA].C.Y.[Tic].[MeF]}$PEPTIDE1,PEPTIDE1,5:R3-1:R3$$$",,16.0,605.0,1837.0,2479.0,1365.0,477.0,817.0,694.0,780.0,0.5506252521177895,1.7127882599580713,1.1239193083573489
203,"PEPTIDE1{[ClAc_F].[HyG].Y.Y.C.Y.H.Y}$PEPTIDE1,PEPTIDE1,5:R3-1:R3$$$",,1.0,36.0,123.0,348.0,17.0,203.0,29.0,690.0,87.0,0.0488505747126436,0.1428571428571428,0.1260869565217391
204,"PEPTIDE1{[ClAc_F].[Bip].[Tic].[4TzA].C.L.[Tic].S}$PEPTIDE1,PEPTIDE1,5:R3-1:R3$$$",,11.0,300.0,966.0,1535.0,267.0,458.0,210.0,669.0,251.0,0.1739413680781759,0.4585152838427948,0.375186846038864
205,"PEPTIDE1{[ClAc_F].[Bip].[Tic].[4TzA].C.V.R}$PEPTIDE1,PEPTIDE1,5:R3-1:R3$$$",,,24.0,130.0,365.0,18.0,226.0,23.0,667.0,57.0,0.0493150684931506,0.1017699115044247,0.0854572713643178
206,"PEPTIDE1{[ClAc_F].[Bip].[HyG].v.Y.C.R.N}$PEPTIDE1,PEPTIDE1,6:R3-1:R3$$$",,2.0,18.0,209.0,548.0,34.0,235.0,48.0,663.0,108.0,0.0620437956204379,0.2042553191489361,0.1628959276018099
207,"PEPTIDE1{[ClAc_F].[Bip].[Tic].[4TzA].C.S.Y.[4TzA]}$PEPTIDE1,PEPTIDE1,5:R3-1:R3$$$",1.0,17.0,501.0,1166.0,1762.0,460.0,487.0,308.0,661.0,367.0,0.2610669693530079,0.6324435318275154,0.5552193645990923
208,"PEPTIDE1{[ClAc_F].[Bip].[Tic].[4TzA].C.L.[Tic].N}$PEPTIDE1,PEPTIDE1,5:R3-1:R3$$$",,16.0,498.0,1624.0,2303.0,494.0,498.0,328.0,658.0,349.0,0.2145028224055579,0.6586345381526104,0.5303951367781155
209,"PEPTIDE1{[ClAc_F].[Bip].[Tic].[4TzA].C.V.Y.[HyG]}$PEPTIDE1,PEPTIDE1,5:R3-1:R3$$$",,2.0,41.0,40.0,115.0,20.0,111.0,27.0,657.0,85.0,0.1739130434782608,0.2432432432432432,0.1293759512937595
210,"PEPTIDE1{[ClAc_F].[Bip].[Tic].V.S.[HyG].N.C}$PEPTIDE1,PEPTIDE1,8:R3-1:R3$$$",,7.0,74.0,279.0,716.0,37.0,279.0,53.0,648.0,108.0,0.0516759776536312,0.1899641577060931,0.1666666666666666
211,"PEPTIDE1{[ClAc_F].[Bip].[Tic].V.R.[HyG].S.C}$PEPTIDE1,PEPTIDE1,8:R3-1:R3$$$",,5.0,60.0,198.0,496.0,20.0,222.0,29.0,646.0,78.0,0.0403225806451612,0.1306306306306306,0.1207430340557275
212,"PEPTIDE1{[ClAc_F].[Bip].[Tic].[4TzA].C.H.R.Y}$PEPTIDE1,PEPTIDE1,5:R3-1:R3$$$",,2.0,75.0,191.0,406.0,49.0,207.0,69.0,634.0,182.0,0.1206896551724138,0.3333333333333333,0.2870662460567823
213,"PEPTIDE1{[ClAc_F].[Bip].[HyG].v.Y.C.N.R}$PEPTIDE1,PEPTIDE1,6:R3-1:R3$$$",,,12.0,174.0,498.0,20.0,232.0,48.0,633.0,101.0,0.0401606425702811,0.2068965517241379,0.1595576619273301
214,"PEPTIDE1{[ClAc_F].[Bip].[Tic].[4TzA].C.V.L.Y}$PEPTIDE1,PEPTIDE1,5:R3-1:R3$$$",,4.0,415.0,1122.0,1866.0,484.0,493.0,288.0,624.0,369.0,0.2593783494105037,0.5841784989858012,0.5913461538461539
215,"PEPTIDE1{[ClAc_F].[Bip].[HyG].v.Y.C.N.N}$PEPTIDE1,PEPTIDE1,6:R3-1:R3$$$",,1.0,27.0,242.0,619.0,46.0,294.0,60.0,616.0,116.0,0.0743134087237479,0.2040816326530612,0.1883116883116883
216,"PEPTIDE1{[ClAc_F].[Bip].[HyG].v.Y.C.S.N}$PEPTIDE1,PEPTIDE1,6:R3-1:R3$$$",,,20.0,277.0,650.0,50.0,267.0,59.0,612.0,88.0,0.0769230769230769,0.2209737827715356,0.1437908496732026
217,"PEPTIDE1{[ClAc_F].[Bip].[Tic].[4TzA].C.L.[4TzA].[4TzA]}$PEPTIDE1,PEPTIDE1,5:R3-1:R3$$$",,25.0,748.0,1858.0,2384.0,849.0,531.0,588.0,603.0,522.0,0.3561241610738255,1.1073446327683616,0.8656716417910447
218,"PEPTIDE1{[ClAc_F].[Bip].[Tic].[4TzA].C.V.v.G}$PEPTIDE1,PEPTIDE1,5:R3-1:R3$$$",,15.0,444.0,1174.0,1968.0,182.0,492.0,132.0,599.0,177.0,0.0924796747967479,0.2682926829268293,0.2954924874791318
219,"PEPTIDE1{[ClAc_F].[HyG].Y.Y.C.Y.[4TzA].Y}$PEPTIDE1,PEPTIDE1,5:R3-1:R3$$$",,3.0,105.0,340.0,609.0,52.0,222.0,60.0,598.0,125.0,0.0853858784893267,0.2702702702702703,0.2090301003344481
220,"PEPTIDE1{[ClAc_F].[Bip].[Tic].[4TzA].C.L.S.v}$PEPTIDE1,PEPTIDE1,5:R3-1:R3$$$",,10.0,689.0,1751.0,2481.0,337.0,511.0,177.0,597.0,210.0,0.1358323256751309,0.3463796477495107,0.3517587939698492
221,"PEPTIDE1{[ClAc_F].[Bip].[Tic].[4TzA].C.V.v.Y}$PEPTIDE1,PEPTIDE1,5:R3-1:R3$$$",,14.0,320.0,903.0,1643.0,283.0,450.0,222.0,596.0,284.0,0.1722458916615946,0.4933333333333333,0.4765100671140939
222,"PEPTIDE1{[ClAc_F].[Bip].[Tic].[4TzA].C.Y.H.L}$PEPTIDE1,PEPTIDE1,5:R3-1:R3$$$",,8.0,340.0,1033.0,1718.0,485.0,403.0,379.0,595.0,403.0,0.2823050058207217,0.9404466501240696,0.6773109243697479
223,"PEPTIDE1{[ClAc_F].[Bip].[HyG].v.[4TzA].C.R.Y}$PEPTIDE1,PEPTIDE1,6:R3-1:R3$$$",,1.0,29.0,125.0,438.0,48.0,204.0,56.0,589.0,118.0,0.1095890410958904,0.2745098039215686,0.200339558573854
224,"PEPTIDE1{[ClAc_F].R.[Bip].[Tic].[4TzA].Y.[tBuG].C}$PEPTIDE1,PEPTIDE1,8:R3-1:R3$$$",,9.0,146.0,505.0,1085.0,93.0,366.0,92.0,580.0,140.0,0.0857142857142857,0.2513661202185792,0.2413793103448276
225,"PEPTIDE1{[ClAc_F].[Bip].[HyG].v.Y.C.N.Y}$PEPTIDE1,PEPTIDE1,6:R3-1:R3$$$",,2.0,71.0,341.0,593.0,108.0,220.0,104.0,579.0,202.0,0.1821247892074199,0.4727272727272727,0.3488773747841105
226,"PEPTIDE1{[ClAc_F].[Bip].[Tic].[4TzA].C.L.[4TzA].R}$PEPTIDE1,PEPTIDE1,5:R3-1:R3$$$",,5.0,270.0,1033.0,1726.0,248.0,397.0,222.0,579.0,218.0,0.1436848203939745,0.5591939546599496,0.3765112262521589
227,"PEPTIDE1{[ClAc_F].[Bip].[Tic].[4TzA].C.Y.N.H}$PEPTIDE1,PEPTIDE1,5:R3-1:R3$$$",,18.0,657.0,1582.0,1899.0,483.0,422.0,287.0,575.0,295.0,0.25434439178515,0.6800947867298578,0.5130434782608696
228,"PEPTIDE1{[ClAc_F].[Bip].[Tic].[4TzA].C.[tBuG].Y}$PEPTIDE1,PEPTIDE1,5:R3-1:R3$$$",,,24.0,127.0,356.0,45.0,189.0,72.0,569.0,126.0,0.1264044943820224,0.3809523809523809,0.2214411247803163
229,"PEPTIDE1{[ClAc_F].[Bip].[Tic].[4TzA].C.L.H.V}$PEPTIDE1,PEPTIDE1,5:R3-1:R3$$$",,11.0,352.0,1105.0,1627.0,262.0,445.0,194.0,551.0,208.0,0.1610325752919483,0.4359550561797752,0.3774954627949183
230,"PEPTIDE1{[ClAc_F].[Bip].[Tic].[4TzA].C.H.Y.R}$PEPTIDE1,PEPTIDE1,5:R3-1:R3$$$",,6.0,177.0,412.0,531.0,109.0,197.0,81.0,535.0,140.0,0.2052730696798493,0.4111675126903553,0.2616822429906542
231,"PEPTIDE1{[ClAc_F].[Bip].[Tic].[4TzA].C.Y.H}$PEPTIDE1,PEPTIDE1,5:R3-1:R3$$$",,,35.0,150.0,339.0,574.0,135.0,986.0,527.0,1978.0,1.6932153392330382,7.303703703703704,3.7533206831119545
232,"PEPTIDE1{[ClAc_F].[Bip].[Tic].[4TzA].C.Y.[HyG].Y}$PEPTIDE1,PEPTIDE1,5:R3-1:R3$$$",,6.0,154.0,165.0,301.0,75.0,183.0,60.0,523.0,231.0,0.2491694352159468,0.3278688524590163,0.4416826003824092
233,"PEPTIDE1{[ClAc_F].[Bip].[HyG].v.[4TzA].C.H.Y}$PEPTIDE1,PEPTIDE1,6:R3-1:R3$$$",,1.0,21.0,147.0,453.0,62.0,190.0,85.0,516.0,148.0,0.1368653421633554,0.4473684210526316,0.2868217054263566
234,"PEPTIDE1{[ClAc_F].[Bip].[Tic].[4TzA].C.V.V.V}$PEPTIDE1,PEPTIDE1,5:R3-1:R3$$$",,7.0,352.0,1016.0,1693.0,181.0,374.0,120.0,515.0,154.0,0.1069108092144122,0.320855614973262,0.2990291262135922
235,"PEPTIDE1{[ClAc_F].[Bip].[HyG].v.[4TzA].C.R.[MeF]}$PEPTIDE1,PEPTIDE1,6:R3-1:R3$$$",,,32.0,179.0,426.0,41.0,214.0,34.0,513.0,89.0,0.096244131455399,0.1588785046728972,0.1734892787524366
236,"PEPTIDE1{[ClAc_F].[Bip].[Tic].[4TzA].C.V.H.[Bip]}$PEPTIDE1,PEPTIDE1,5:R3-1:R3$$$",1.0,15.0,523.0,1319.0,1904.0,762.0,417.0,484.0,510.0,538.0,0.4002100840336134,1.160671462829736,1.0549019607843138
237,"PEPTIDE1{[ClAc_F].[Bip].[Tic].[4TzA].C.[tBuG].H.L}$PEPTIDE1,PEPTIDE1,5:R3-1:R3$$$",,8.0,196.0,584.0,1058.0,113.0,362.0,114.0,505.0,143.0,0.106805293005671,0.3149171270718232,0.2831683168316831
238,"PEPTIDE1{[ClAc_F].H.V.R.[Bip].[Tic].C.R}$PEPTIDE1,PEPTIDE1,7:R3-1:R3$$$",,,17.0,748.0,1544.0,74246.0,198.0,76093.0,499.0,44281.0,48.08678756476684,384.3080808080808,88.73947895791584
239,"PEPTIDE1{[ClAc_F].[Bip].[Tic].[4TzA].C.Y.V.G}$PEPTIDE1,PEPTIDE1,5:R3-1:R3$$$",,9.0,573.0,1609.0,2304.0,410.0,418.0,231.0,498.0,251.0,0.1779513888888889,0.5526315789473685,0.5040160642570282
240,"PEPTIDE1{[ClAc_F].[Bip].[Tic].[4TzA].C.[tBuG].S.G}$PEPTIDE1,PEPTIDE1,5:R3-1:R3$$$",,9.0,188.0,568.0,1102.0,36.0,360.0,57.0,498.0,85.0,0.0326678765880217,0.1583333333333333,0.1706827309236948
241,"PEPTIDE1{[ClAc_F].[Bip].[Tic].[4TzA].C.L.[Tic].V}$PEPTIDE1,PEPTIDE1,5:R3-1:R3$$$",,12.0,269.0,867.0,1397.0,295.0,366.0,191.0,493.0,287.0,0.2111667859699355,0.5218579234972678,0.5821501014198783
242,"PEPTIDE1{[ClAc_F].[Bip].[Tic].[4TzA].C.L.V.Y}$PEPTIDE1,PEPTIDE1,5:R3-1:R3$$$",,12.0,485.0,1289.0,1877.0,452.0,410.0,266.0,492.0,246.0,0.2408098028769312,0.6487804878048781,0.5
243,"PEPTIDE1{[ClAc_F].H.V.R.[Bip].[Tic].C.[4TzA]}$PEPTIDE1,PEPTIDE1,7:R3-1:R3$$$",,4.0,43.0,1035.0,1999.0,98697.0,246.0,94862.0,492.0,51124.0,49.37318659329665,385.6178861788618,103.91056910569104
244,"PEPTIDE1{[ClAc_F].[Bip].[Tic].[4TzA].C.Y.S.L}$PEPTIDE1,PEPTIDE1,5:R3-1:R3$$$",,9.0,307.0,1006.0,1547.0,406.0,408.0,236.0,490.0,299.0,0.2624434389140271,0.5784313725490197,0.610204081632653
245,"PEPTIDE1{[ClAc_F].[HyG].Y.Y.C.Y.S.[Bip]}$PEPTIDE1,PEPTIDE1,5:R3-1:R3$$$",,19.0,796.0,1747.0,1948.0,434.0,343.0,256.0,486.0,242.0,0.2227926078028747,0.7463556851311953,0.4979423868312757
246,"PEPTIDE1{[ClAc_F].[Bip].[Tic].[4TzA].C.L.Y.L}$PEPTIDE1,PEPTIDE1,5:R3-1:R3$$$",,9.0,301.0,1048.0,1576.0,489.0,364.0,305.0,479.0,351.0,0.3102791878172589,0.8379120879120879,0.732776617954071
247,"PEPTIDE1{[ClAc_F].[Bip].[Tic].[4TzA].C.L.R.[MeF]}$PEPTIDE1,PEPTIDE1,5:R3-1:R3$$$",,5.0,259.0,857.0,1345.0,268.0,315.0,194.0,475.0,284.0,0.1992565055762081,0.6158730158730159,0.5978947368421053
248,"PEPTIDE1{[ClAc_F].[Bip].[Tic].[4TzA].C.V.[Tic].V}$PEPTIDE1,PEPTIDE1,5:R3-1:R3$$$",,4.0,224.0,605.0,1158.0,179.0,306.0,134.0,474.0,177.0,0.1545768566493955,0.4379084967320261,0.3734177215189873
249,"PEPTIDE1{[ClAc_F].[Bip].[Tic].[4TzA].C.Y.V.V}$PEPTIDE1,PEPTIDE1,5:R3-1:R3$$$",,6.0,564.0,1597.0,2180.0,445.0,460.0,273.0,469.0,268.0,0.2041284403669724,0.5934782608695652,0.5714285714285714
250,"PEPTIDE1{[ClAc_F].[Bip].[Tic].[4TzA].C.Y.N.V}$PEPTIDE1,PEPTIDE1,5:R3-1:R3$$$",,15.0,913.0,2233.0,2691.0,739.0,457.0,328.0,465.0,304.0,0.2746191007060572,0.7177242888402626,0.6537634408602151
251,"PEPTIDE1{[ClAc_F].[Bip].[Tic].[4TzA].C.[tBuG].H.S}$PEPTIDE1,PEPTIDE1,5:R3-1:R3$$$",,15.0,323.0,853.0,1330.0,105.0,342.0,87.0,463.0,77.0,0.0789473684210526,0.2543859649122807,0.1663066954643628
252,"PEPTIDE1{[ClAc_F].[HyG].Y.Y.C.Y.N.[Bip]}$PEPTIDE1,PEPTIDE1,5:R3-1:R3$$$",,12.0,512.0,1270.0,1333.0,302.0,287.0,175.0,445.0,233.0,0.2265566391597899,0.6097560975609756,0.5235955056179775
253,"PEPTIDE1{[ClAc_F].[Bip].[Tic].[4TzA].C.[Tic].Y.[4TzA]}$PEPTIDE1,PEPTIDE1,5:R3-1:R3$$$",,1.0,24.0,91.0,316.0,93.0,211.0,150.0,441.0,401.0,0.2943037974683544,0.7109004739336493,0.909297052154195
254,"PEPTIDE1{[ClAc_F].[Bip].[Tic].[4TzA].C.Y.[4TzA].G}$PEPTIDE1,PEPTIDE1,5:R3-1:R3$$$",,13.0,856.0,2170.0,2502.0,934.0,417.0,502.0,439.0,434.0,0.3733013589128697,1.2038369304556356,0.9886104783599088
255,"PEPTIDE1{[ClAc_F].[Bip].[Tic].[4TzA].C.[HyG].R.Y}$PEPTIDE1,PEPTIDE1,5:R3-1:R3$$$",,3.0,20.0,72.0,219.0,21.0,146.0,46.0,439.0,114.0,0.0958904109589041,0.3150684931506849,0.2596810933940774
256,"PEPTIDE1{[ClAc_F].[Bip].[Tic].[4TzA].C.[tBuG].N.G}$PEPTIDE1,PEPTIDE1,5:R3-1:R3$$$",,12.0,373.0,990.0,1492.0,110.0,372.0,121.0,431.0,92.0,0.0737265415549597,0.325268817204301,0.2134570765661252
257,"PEPTIDE1{[ClAc_F].[Bip].[Tic].[4TzA].C.[4TzA].[Tic].[MeF]}$PEPTIDE1,PEPTIDE1,5:R3-1:R3$$$",,19.0,585.0,1540.0,2029.0,1250.0,375.0,751.0,430.0,645.0,0.6160670280926565,2.002666666666667,1.5
258,"PEPTIDE1{[ClAc_F].[HyG].Y.Y.C.R.Y.Y}$PEPTIDE1,PEPTIDE1,5:R3-1:R3$$$",,3.0,110.0,399.0,590.0,24.0,210.0,32.0,425.0,56.0,0.0406779661016949,0.1523809523809524,0.1317647058823529
259,"PEPTIDE1{[ClAc_F].[Bip].[Tic].[4TzA].C.H.R.[4TzA]}$PEPTIDE1,PEPTIDE1,5:R3-1:R3$$$",,6.0,63.0,133.0,327.0,51.0,162.0,63.0,425.0,106.0,0.1559633027522936,0.3888888888888889,0.2494117647058823
260,"PEPTIDE1{[ClAc_F].[Bip].[Tic].[4TzA].C.V.V.S}$PEPTIDE1,PEPTIDE1,5:R3-1:R3$$$",,15.0,464.0,1247.0,1710.0,197.0,376.0,113.0,424.0,121.0,0.1152046783625731,0.300531914893617,0.285377358490566
261,"PEPTIDE1{[ClAc_F].[HyG].Y.Y.C.Y.H.[Bip]}$PEPTIDE1,PEPTIDE1,5:R3-1:R3$$$",,11.0,428.0,998.0,1165.0,240.0,235.0,136.0,421.0,155.0,0.2060085836909871,0.5787234042553191,0.3681710213776722
262,"PEPTIDE1{[ClAc_F].[Bip].[Tic].[4TzA].C.V.H}$PEPTIDE1,PEPTIDE1,5:R3-1:R3$$$",,,22.0,114.0,263.0,19.0,127.0,33.0,421.0,63.0,0.0722433460076045,0.2598425196850393,0.1496437054631829
263,"PEPTIDE1{[ClAc_F].[Bip].[Tic].V.R.[HyG].H.C}$PEPTIDE1,PEPTIDE1,8:R3-1:R3$$$",,1.0,16.0,85.0,241.0,8.0,131.0,13.0,419.0,47.0,0.0331950207468879,0.099236641221374,0.1121718377088305
264,"PEPTIDE1{[ClAc_F].[Bip].[HyG].v.Y.C.N.S}$PEPTIDE1,PEPTIDE1,6:R3-1:R3$$$",1.0,,17.0,206.0,472.0,38.0,221.0,44.0,419.0,92.0,0.0805084745762711,0.1990950226244343,0.2195704057279236
265,"PEPTIDE1{[ClAc_F].[Bip].[Tic].[4TzA].C.[tBuG].H.G}$PEPTIDE1,PEPTIDE1,5:R3-1:R3$$$",,5.0,182.0,622.0,970.0,71.0,273.0,78.0,413.0,69.0,0.0731958762886598,0.2857142857142857,0.1670702179176755
266,"PEPTIDE1{[ClAc_F].[Bip].[Tic].[4TzA].C.V.H.[Tic]}$PEPTIDE1,PEPTIDE1,5:R3-1:R3$$$",,8.0,312.0,795.0,1293.0,353.0,304.0,245.0,412.0,248.0,0.2730085073472544,0.805921052631579,0.6019417475728155
267,"PEPTIDE1{[ClAc_F].[Bip].[Tic].[4TzA].C.[tBuG].S.N}$PEPTIDE1,PEPTIDE1,5:R3-1:R3$$$",,21.0,483.0,1156.0,1561.0,150.0,363.0,101.0,410.0,78.0,0.0960922485586162,0.2782369146005509,0.1902439024390244
268,"PEPTIDE1{[ClAc_F].[HyG].Y.Y.C.Y.[4TzA].V}$PEPTIDE1,PEPTIDE1,5:R3-1:R3$$$",,1.0,17.0,68.0,230.0,12.0,85.0,17.0,400.0,33.0,0.0521739130434782,0.2,0.0825
269,"PEPTIDE1{[ClAc_F].[Bip].[Tic].[4TzA].C.Y.S.[MeF]}$PEPTIDE1,PEPTIDE1,5:R3-1:R3$$$",,18.0,786.0,1821.0,2142.0,1095.0,376.0,562.0,398.0,523.0,0.511204481792717,1.49468085106383,1.314070351758794
270,"PEPTIDE1{[ClAc_F].[Bip].[Tic].[4TzA].C.Y.[4TzA].H}$PEPTIDE1,PEPTIDE1,5:R3-1:R3$$$",,11.0,574.0,1295.0,1509.0,496.0,292.0,251.0,396.0,349.0,0.3286944996686547,0.8595890410958904,0.8813131313131313
271,"PEPTIDE1{[ClAc_F].[Bip].[Tic].[4TzA].C.V.L.V}$PEPTIDE1,PEPTIDE1,5:R3-1:R3$$$",,9.0,288.0,728.0,1145.0,179.0,308.0,130.0,392.0,153.0,0.1563318777292576,0.422077922077922,0.3903061224489796
272,"PEPTIDE1{[ClAc_F].Y.[Bip].C.[HyG].[MeF].N.[MeF]}$PEPTIDE1,PEPTIDE1,4:R3-1:R3$$$",,5.0,48.0,167.0,372.0,45.0,152.0,62.0,388.0,97.0,0.1209677419354838,0.4078947368421052,0.25
273,"PEPTIDE1{[ClAc_F].[Bip].[Tic].[4TzA].C.[tBuG].R.G}$PEPTIDE1,PEPTIDE1,5:R3-1:R3$$$",,5.0,86.0,350.0,677.0,21.0,233.0,21.0,388.0,37.0,0.0310192023633678,0.0901287553648068,0.095360824742268
274,"PEPTIDE1{[ClAc_F].[Bip].[Tic].[4TzA].C.L.[Tic].Y}$PEPTIDE1,PEPTIDE1,5:R3-1:R3$$$",,13.0,399.0,1095.0,1546.0,507.0,329.0,279.0,387.0,314.0,0.3279430789133247,0.8480243161094225,0.8113695090439277
275,"PEPTIDE1{[ClAc_F].N.[MeF].[Tic].G.C.Y.H}$PEPTIDE1,PEPTIDE1,6:R3-1:R3$$$",,,20.0,511.0,1051.0,28208.0,198.0,25409.0,384.0,21135.0,26.83920076117983,128.32828282828282,55.0390625
276,"PEPTIDE1{[ClAc_F].[Bip].[HyG].v.Y.C.R.S}$PEPTIDE1,PEPTIDE1,6:R3-1:R3$$$",,,12.0,107.0,313.0,10.0,133.0,27.0,373.0,55.0,0.0319488817891373,0.2030075187969924,0.1474530831099195
277,"PEPTIDE1{[ClAc_F].[Bip].[Tic].V.S.[HyG].H.C}$PEPTIDE1,PEPTIDE1,8:R3-1:R3$$$",,5.0,35.0,109.0,289.0,12.0,122.0,23.0,372.0,61.0,0.0415224913494809,0.1885245901639344,0.1639784946236559
278,"PEPTIDE1{[ClAc_F].[Bip].[HyG].v.R.C.Y.N}$PEPTIDE1,PEPTIDE1,6:R3-1:R3$$$",,4.0,20.0,120.0,339.0,28.0,141.0,25.0,371.0,50.0,0.0825958702064896,0.1773049645390071,0.1347708894878706
279,"PEPTIDE1{[ClAc_F].[Bip].[Tic].[4TzA].C.Y.V.N}$PEPTIDE1,PEPTIDE1,5:R3-1:R3$$$",,16.0,767.0,1850.0,2127.0,531.0,371.0,273.0,369.0,233.0,0.2496473906911142,0.7358490566037735,0.6314363143631436
280,"PEPTIDE1{[ClAc_F].[Bip].[Tic].[4TzA].C.V.V.N}$PEPTIDE1,PEPTIDE1,5:R3-1:R3$$$",,17.0,582.0,1337.0,1831.0,245.0,365.0,135.0,368.0,131.0,0.133806663025669,0.3698630136986301,0.3559782608695652
281,"PEPTIDE1{[ClAc_F].[Bip].[Tic].[4TzA].C.H.H.Y}$PEPTIDE1,PEPTIDE1,5:R3-1:R3$$$",,7.0,91.0,240.0,367.0,94.0,153.0,94.0,368.0,202.0,0.2561307901907357,0.6143790849673203,0.5489130434782609
282,"PEPTIDE1{[ClAc_F].[Bip].[HyG].v.Y.C.R.V}$PEPTIDE1,PEPTIDE1,6:R3-1:R3$$$",,,12.0,105.0,274.0,18.0,141.0,24.0,366.0,62.0,0.0656934306569343,0.1702127659574468,0.1693989071038251
283,"PEPTIDE1{[ClAc_F].[HyG].Y.Y.C.[4TzA].Y.[4TzA]}$PEPTIDE1,PEPTIDE1,5:R3-1:R3$$$",,3.0,56.0,170.0,341.0,35.0,133.0,25.0,366.0,53.0,0.1026392961876832,0.18796992481203,0.1448087431693989
284,"PEPTIDE1{[ClAc_F].[Bip].[HyG].v.[4TzA].C.Y.N}$PEPTIDE1,PEPTIDE1,6:R3-1:R3$$$",,2.0,30.0,170.0,470.0,46.0,172.0,86.0,366.0,109.0,0.0978723404255319,0.5,0.2978142076502732
285,"PEPTIDE1{[ClAc_F].[Bip].[Tic].[4TzA].C.Y.N.[Tic]}$PEPTIDE1,PEPTIDE1,5:R3-1:R3$$$",,9.0,675.0,1734.0,2166.0,1009.0,389.0,541.0,364.0,468.0,0.4658356417359187,1.3907455012853471,1.2857142857142858
286,"PEPTIDE1{[ClAc_F].[Bip].[Tic].[4TzA].C.V.L.G}$PEPTIDE1,PEPTIDE1,5:R3-1:R3$$$",,7.0,257.0,712.0,1141.0,123.0,269.0,94.0,364.0,111.0,0.1078001752848378,0.3494423791821561,0.3049450549450549
287,"PEPTIDE1{[ClAc_F].[Bip].[HyG].v.[4TzA].C.v.Y}$PEPTIDE1,PEPTIDE1,6:R3-1:R3$$$",1.0,2.0,46.0,163.0,394.0,47.0,128.0,73.0,363.0,110.0,0.1192893401015228,0.5703125,0.303030303030303
288,"PEPTIDE1{[ClAc_F].[HyG].Y.Y.C.H.H.[Bip]}$PEPTIDE1,PEPTIDE1,5:R3-1:R3$$$",,8.0,561.0,1241.0,1396.0,185.0,259.0,110.0,362.0,92.0,0.1325214899713467,0.4247104247104247,0.2541436464088398
289,"PEPTIDE1{[ClAc_F].[Bip].[Tic].[4TzA].C.Y.v.R}$PEPTIDE1,PEPTIDE1,5:R3-1:R3$$$",,12.0,366.0,1009.0,1414.0,250.0,343.0,171.0,361.0,204.0,0.1768033946251768,0.4985422740524781,0.5650969529085873
290,"PEPTIDE1{[ClAc_F].[Bip].[Tic].[4TzA].C.L.R.v}$PEPTIDE1,PEPTIDE1,5:R3-1:R3$$$",,2.0,284.0,767.0,1133.0,85.0,293.0,70.0,358.0,82.0,0.0750220653133274,0.2389078498293515,0.2290502793296089
291,"PEPTIDE1{[ClAc_F].[Bip].[HyG].v.Y.C.N.H}$PEPTIDE1,PEPTIDE1,6:R3-1:R3$$$",,1.0,22.0,151.0,296.0,28.0,132.0,30.0,357.0,63.0,0.0945945945945946,0.2272727272727272,0.1764705882352941
292,"PEPTIDE1{[ClAc_F].[Bip].[Tic].[4TzA].C.H.Y.Y}$PEPTIDE1,PEPTIDE1,5:R3-1:R3$$$",,14.0,321.0,663.0,767.0,391.0,160.0,223.0,356.0,309.0,0.5097783572359843,1.39375,0.8679775280898876
293,"PEPTIDE1{[ClAc_F].[HyG].Y.Y.C.H.[4TzA].Y}$PEPTIDE1,PEPTIDE1,5:R3-1:R3$$$",,4.0,51.0,143.0,254.0,14.0,95.0,15.0,355.0,26.0,0.0551181102362204,0.1578947368421052,0.0732394366197183
294,"PEPTIDE1{[ClAc_F].[Bip].[Tic].[4TzA].C.L.H.G}$PEPTIDE1,PEPTIDE1,5:R3-1:R3$$$",,6.0,238.0,689.0,1118.0,133.0,261.0,87.0,349.0,100.0,0.1189624329159212,0.3333333333333333,0.2865329512893982
295,"PEPTIDE1{[ClAc_F].[HyG].Y.Y.C.H.[4TzA].[Bip]}$PEPTIDE1,PEPTIDE1,5:R3-1:R3$$$",,30.0,1036.0,1775.0,1613.0,257.0,283.0,169.0,349.0,126.0,0.1593304401735895,0.5971731448763251,0.3610315186246418
296,"PEPTIDE1{[ClAc_F].[Bip].[HyG].v.[4TzA].C.N.[4TzA]}$PEPTIDE1,PEPTIDE1,6:R3-1:R3$$$",,,21.0,187.0,439.0,46.0,156.0,60.0,347.0,81.0,0.1047835990888382,0.3846153846153846,0.2334293948126801
297,"PEPTIDE1{[ClAc_F].[Bip].[Tic].[4TzA].C.[tBuG].H.H}$PEPTIDE1,PEPTIDE1,5:R3-1:R3$$$",,7.0,223.0,635.0,828.0,91.0,267.0,63.0,346.0,84.0,0.109903381642512,0.2359550561797752,0.2427745664739884
298,"PEPTIDE1{[ClAc_F].[Bip].[Tic].[4TzA].C.V.R.L}$PEPTIDE1,PEPTIDE1,5:R3-1:R3$$$",,4.0,128.0,339.0,752.0,36.0,222.0,42.0,336.0,66.0,0.0478723404255319,0.1891891891891892,0.1964285714285714
299,"PEPTIDE1{[ClAc_F].[Bip].[Tic].[4TzA].C.V.Y.[Tic]}$PEPTIDE1,PEPTIDE1,5:R3-1:R3$$$",1.0,8.0,225.0,558.0,798.0,324.0,193.0,161.0,336.0,246.0,0.4060150375939849,0.8341968911917098,0.7321428571428571
300,"PEPTIDE1{[ClAc_F].[Bip].[Tic].[4TzA].C.V.L.[4TzA]}$PEPTIDE1,PEPTIDE1,5:R3-1:R3$$$",,13.0,382.0,958.0,1243.0,276.0,326.0,202.0,335.0,182.0,0.2220434432823813,0.6196319018404908,0.5432835820895522
301,"PEPTIDE1{[ClAc_F].[HyG].Y.Y.C.R.N.[Bip]}$PEPTIDE1,PEPTIDE1,5:R3-1:R3$$$",1.0,16.0,400.0,819.0,1100.0,90.0,242.0,56.0,333.0,57.0,0.0818181818181818,0.2314049586776859,0.1711711711711711
302,"PEPTIDE1{[ClAc_F].[Bip].[Tic].[4TzA].C.V.[4TzA].V}$PEPTIDE1,PEPTIDE1,5:R3-1:R3$$$",,5.0,355.0,786.0,1174.0,194.0,281.0,152.0,332.0,136.0,0.1652470187393526,0.5409252669039146,0.4096385542168674
303,"PEPTIDE1{[ClAc_F].[Bip].[Tic].V.R.[HyG].Y.C}$PEPTIDE1,PEPTIDE1,8:R3-1:R3$$$",,3.0,89.0,177.0,352.0,19.0,110.0,23.0,331.0,74.0,0.0539772727272727,0.209090909090909,0.2235649546827794
304,"PEPTIDE1{[ClAc_F].[Bip].[Tic].[4TzA].C.L.S.L}$PEPTIDE1,PEPTIDE1,5:R3-1:R3$$$",,11.0,247.0,672.0,1019.0,157.0,263.0,130.0,330.0,117.0,0.1540726202158979,0.494296577946768,0.3545454545454545
305,"PEPTIDE1{[ClAc_F].[Bip].[Tic].[4TzA].C.L.[Tic].H}$PEPTIDE1,PEPTIDE1,5:R3-1:R3$$$",,6.0,206.0,541.0,922.0,188.0,238.0,148.0,328.0,163.0,0.2039045553145336,0.6218487394957983,0.4969512195121951
306,"PEPTIDE1{[ClAc_F].[Bip].[Tic].[4TzA].C.Y.N.[MeF]}$PEPTIDE1,PEPTIDE1,5:R3-1:R3$$$",,17.0,798.0,1732.0,1903.0,1129.0,328.0,517.0,327.0,452.0,0.5932737782448765,1.576219512195122,1.382262996941896
307,"PEPTIDE1{[ClAc_F].[HyG].Y.Y.C.R.Y.[4TzA]}$PEPTIDE1,PEPTIDE1,5:R3-1:R3$$$",,,34.0,97.0,205.0,14.0,114.0,14.0,324.0,29.0,0.0682926829268292,0.1228070175438596,0.0895061728395061
308,"PEPTIDE1{[ClAc_F].[Bip].[Tic].[4TzA].C.Y.Y.L}$PEPTIDE1,PEPTIDE1,5:R3-1:R3$$$",,13.0,302.0,731.0,1000.0,454.0,208.0,246.0,324.0,303.0,0.454,1.1826923076923077,0.9351851851851852
309,"PEPTIDE1{[ClAc_F].[Bip].[Tic].[4TzA].C.[4TzA].Y.Y}$PEPTIDE1,PEPTIDE1,5:R3-1:R3$$$",,7.0,180.0,403.0,492.0,301.0,111.0,159.0,323.0,207.0,0.6117886178861789,1.4324324324324325,0.6408668730650154
310,"PEPTIDE1{[ClAc_F].[Bip].[Tic].[4TzA].C.L.R.[tBuG]}$PEPTIDE1,PEPTIDE1,5:R3-1:R3$$$",,6.0,142.0,489.0,754.0,93.0,214.0,59.0,323.0,80.0,0.123342175066313,0.2757009345794392,0.2476780185758514
311,"PEPTIDE1{[ClAc_F].[HyG].Y.Y.C.H.H.Y}$PEPTIDE1,PEPTIDE1,5:R3-1:R3$$$",,3.0,16.0,76.0,153.0,6.0,70.0,12.0,322.0,23.0,0.0392156862745098,0.1714285714285714,0.0714285714285714
312,"PEPTIDE1{[ClAc_F].[Bip].[HyG].v.[4TzA].C.Y.[4TzA]}$PEPTIDE1,PEPTIDE1,6:R3-1:R3$$$",,,31.0,142.0,370.0,59.0,150.0,87.0,319.0,134.0,0.1594594594594594,0.58,0.4200626959247649
313,"PEPTIDE1{[ClAc_F].[HyG].Y.Y.C.H.S.[Bip]}$PEPTIDE1,PEPTIDE1,5:R3-1:R3$$$",,19.0,544.0,1248.0,1338.0,176.0,235.0,87.0,316.0,85.0,0.1315396113602391,0.3702127659574468,0.2689873417721519
314,"PEPTIDE1{[ClAc_F].[Bip].[Tic].[4TzA].C.[4TzA].Y.[4TzA]}$PEPTIDE1,PEPTIDE1,5:R3-1:R3$$$",,7.0,149.0,255.0,369.0,178.0,132.0,84.0,315.0,157.0,0.4823848238482385,0.6363636363636364,0.4984126984126984
315,"PEPTIDE1{[ClAc_F].[HyG].Y.Y.C.Y.N.Y}$PEPTIDE1,PEPTIDE1,5:R3-1:R3$$$",,,11.0,59.0,166.0,4.0,78.0,10.0,313.0,27.0,0.0240963855421686,0.1282051282051282,0.0862619808306709
316,"PEPTIDE1{[ClAc_F].[HyG].Y.Y.C.Y.Y.[MeF]}$PEPTIDE1,PEPTIDE1,5:R3-1:R3$$$",,,25.0,111.0,271.0,47.0,94.0,42.0,313.0,93.0,0.1734317343173431,0.4468085106382978,0.2971246006389776
317,"PEPTIDE1{[ClAc_F].[Bip].[Tic].[4TzA].C.V.[4TzA].N}$PEPTIDE1,PEPTIDE1,5:R3-1:R3$$$",,19.0,658.0,1366.0,1698.0,347.0,368.0,191.0,309.0,161.0,0.2043580683156655,0.5190217391304348,0.5210355987055016
318,"PEPTIDE1{[ClAc_F].[Bip].[Tic].[4TzA].C.[tBuG].N.S}$PEPTIDE1,PEPTIDE1,5:R3-1:R3$$$",,18.0,459.0,1096.0,1262.0,143.0,305.0,83.0,309.0,73.0,0.1133122028526149,0.2721311475409836,0.2362459546925566
319,"PEPTIDE1{[ClAc_F].[Bip].[Tic].[4TzA].C.[tBuG].H.v}$PEPTIDE1,PEPTIDE1,5:R3-1:R3$$$",,5.0,182.0,464.0,726.0,71.0,219.0,68.0,307.0,57.0,0.0977961432506887,0.3105022831050228,0.1856677524429967
320,"PEPTIDE1{[ClAc_F].[Bip].[HyG].v.Y.C.[4TzA].[4TzA]}$PEPTIDE1,PEPTIDE1,6:R3-1:R3$$$",,2.0,33.0,183.0,371.0,84.0,167.0,95.0,306.0,115.0,0.2264150943396226,0.5688622754491018,0.3758169934640523
321,"PEPTIDE1{[ClAc_F].[Bip].[Tic].[4TzA].C.[tBuG].Y.[MeF]}$PEPTIDE1,PEPTIDE1,5:R3-1:R3$$$",,1.0,196.0,577.0,792.0,293.0,212.0,233.0,301.0,244.0,0.369949494949495,1.099056603773585,0.8106312292358804
322,"PEPTIDE1{[ClAc_F].[Bip].[Tic].[4TzA].C.H.H}$PEPTIDE1,PEPTIDE1,5:R3-1:R3$$$",,,3.0,3.0,3.0,2.0,21.0,2.0,298.0,4.0,0.6666666666666666,0.0952380952380952,0.0134228187919463
323,"PEPTIDE1{[ClAc_F].[Bip].[Tic].G.C.Y.R.Y}$PEPTIDE1,PEPTIDE1,5:R3-1:R3$$$",,,13.0,47.0,172.0,26.0,119.0,55.0,295.0,126.0,0.1511627906976744,0.4621848739495798,0.4271186440677966
324,"PEPTIDE1{[ClAc_F].[Bip].[Tic].[4TzA].C.Y.[4TzA].[Tic]}$PEPTIDE1,PEPTIDE1,5:R3-1:R3$$$",,12.0,662.0,1696.0,1821.0,1472.0,318.0,680.0,293.0,591.0,0.8083470620538166,2.138364779874214,2.0170648464163823
325,"PEPTIDE1{[ClAc_F].[Bip].[Tic].[4TzA].C.Y.[HyG].R}$PEPTIDE1,PEPTIDE1,5:R3-1:R3$$$",,2.0,73.0,106.0,189.0,23.0,83.0,34.0,290.0,71.0,0.1216931216931216,0.4096385542168674,0.2448275862068965
326,"PEPTIDE1{[ClAc_F].[Bip].[HyG].v.Y.C.H.[4TzA]}$PEPTIDE1,PEPTIDE1,6:R3-1:R3$$$",1.0,3.0,19.0,123.0,311.0,36.0,97.0,56.0,287.0,76.0,0.1157556270096463,0.5773195876288659,0.2648083623693379
327,"PEPTIDE1{[ClAc_F].[HyG].Y.Y.C.Y.[4TzA].[4TzA]}$PEPTIDE1,PEPTIDE1,5:R3-1:R3$$$",,2.0,16.0,75.0,211.0,11.0,94.0,13.0,285.0,67.0,0.0521327014218009,0.1382978723404255,0.2350877192982456
328,"PEPTIDE1{[ClAc_F].[HyG].Y.Y.C.[4TzA].H.Y}$PEPTIDE1,PEPTIDE1,5:R3-1:R3$$$",,3.0,32.0,123.0,215.0,10.0,89.0,8.0,283.0,27.0,0.0465116279069767,0.0898876404494382,0.0954063604240282
329,"PEPTIDE1{[ClAc_F].[Bip].[HyG].v.[4TzA].C.R.[4TzA]}$PEPTIDE1,PEPTIDE1,6:R3-1:R3$$$",,2.0,13.0,136.0,340.0,18.0,136.0,36.0,283.0,48.0,0.0529411764705882,0.2647058823529412,0.1696113074204947
330,"PEPTIDE1{[ClAc_F].[HyG].Y.Y.C.H.N.[Bip]}$PEPTIDE1,PEPTIDE1,5:R3-1:R3$$$",,14.0,340.0,906.0,990.0,105.0,183.0,78.0,279.0,74.0,0.106060606060606,0.4262295081967213,0.2652329749103942
331,"PEPTIDE1{[ClAc_F].[Bip].[Tic].[4TzA].C.S.Y.H}$PEPTIDE1,PEPTIDE1,5:R3-1:R3$$$",1.0,7.0,268.0,780.0,1023.0,207.0,232.0,159.0,277.0,122.0,0.2023460410557184,0.6853448275862069,0.4404332129963899
332,"PEPTIDE1{[ClAc_F].[Bip].[Tic].[4TzA].C.Y.R.[Bip]}$PEPTIDE1,PEPTIDE1,5:R3-1:R3$$$",,17.0,470.0,1056.0,1287.0,510.0,231.0,286.0,277.0,270.0,0.3962703962703963,1.238095238095238,0.9747292418772564
333,"PEPTIDE1{[ClAc_F].[Bip].[Tic].[4TzA].C.L.H.[MeF]}$PEPTIDE1,PEPTIDE1,5:R3-1:R3$$$",,4.0,327.0,893.0,1111.0,472.0,234.0,256.0,277.0,263.0,0.4248424842484248,1.094017094017094,0.9494584837545126
334,"PEPTIDE1{[ClAc_F].[Bip].[Tic].[4TzA].C.V.[MeF].R}$PEPTIDE1,PEPTIDE1,5:R3-1:R3$$$",,4.0,173.0,510.0,823.0,122.0,188.0,77.0,275.0,104.0,0.1482381530984204,0.4095744680851064,0.3781818181818182
335,"PEPTIDE1{[ClAc_F].[Bip].[Tic].[4TzA].C.L.V.[4TzA]}$PEPTIDE1,PEPTIDE1,5:R3-1:R3$$$",,21.0,426.0,1109.0,1351.0,294.0,268.0,179.0,275.0,137.0,0.2176165803108808,0.667910447761194,0.4981818181818181
336,"PEPTIDE1{[ClAc_F].[Bip].[Tic].[4TzA].C.[MeF].R.[4TzA]}$PEPTIDE1,PEPTIDE1,5:R3-1:R3$$$",,7.0,370.0,995.0,1013.0,303.0,177.0,203.0,274.0,157.0,0.2991115498519249,1.1468926553672316,0.572992700729927
337,"PEPTIDE1{[ClAc_F].[Bip].[Tic].[4TzA].C.[Tic].Y.Y}$PEPTIDE1,PEPTIDE1,5:R3-1:R3$$$",,,14.0,40.0,162.0,46.0,87.0,58.0,273.0,163.0,0.2839506172839506,0.6666666666666666,0.5970695970695971
338,"PEPTIDE1{[ClAc_F].[Bip].[Tic].[4TzA].C.[HyG].R.[4TzA]}$PEPTIDE1,PEPTIDE1,5:R3-1:R3$$$",,6.0,34.0,68.0,157.0,13.0,108.0,24.0,273.0,84.0,0.0828025477707006,0.2222222222222222,0.3076923076923077
339,"PEPTIDE1{[ClAc_F].[Bip].[Bip].[4TzA].C.Y.R.Y}$PEPTIDE1,PEPTIDE1,5:R3-1:R3$$$",,,11.0,45.0,125.0,24.0,83.0,41.0,270.0,114.0,0.192,0.4939759036144578,0.4222222222222222
340,"PEPTIDE1{[ClAc_F].[Bip].[Tic].[4TzA].C.[tBuG].R.N}$PEPTIDE1,PEPTIDE1,5:R3-1:R3$$$",,14.0,201.0,480.0,760.0,51.0,207.0,25.0,266.0,39.0,0.0671052631578947,0.1207729468599033,0.1466165413533834
341,"PEPTIDE1{[ClAc_F].[Bip].[HyG].v.Y.C.Y.N}$PEPTIDE1,PEPTIDE1,6:R3-1:R3$$$",,2.0,27.0,176.0,332.0,63.0,124.0,74.0,266.0,102.0,0.1897590361445783,0.5967741935483871,0.3834586466165413
342,"PEPTIDE1{[ClAc_F].[Bip].[Tic].[4TzA].C.Y.S}$PEPTIDE1,PEPTIDE1,5:R3-1:R3$$$",,,64.0,286.0,469.0,87.0,175.0,61.0,263.0,96.0,0.185501066098081,0.3485714285714286,0.3650190114068441
343,"PEPTIDE1{[ClAc_F].[Bip].[HyG].v.Y.C.N.V}$PEPTIDE1,PEPTIDE1,6:R3-1:R3$$$",,1.0,12.0,113.0,277.0,18.0,109.0,27.0,261.0,40.0,0.0649819494584837,0.2477064220183486,0.1532567049808429
344,"PEPTIDE1{[ClAc_F].[HyG].Y.Y.C.R.S.[Bip]}$PEPTIDE1,PEPTIDE1,5:R3-1:R3$$$",,12.0,486.0,875.0,1007.0,77.0,170.0,49.0,259.0,48.0,0.0764647467725918,0.288235294117647,0.1853281853281853
345,"PEPTIDE1{[ClAc_F].[Bip].[Tic].[4TzA].C.Y.R.v}$PEPTIDE1,PEPTIDE1,5:R3-1:R3$$$",,9.0,290.0,624.0,867.0,71.0,160.0,51.0,257.0,51.0,0.0818915801614763,0.31875,0.1984435797665369
346,"PEPTIDE1{[ClAc_F].[Bip].[HyG].v.Y.C.S.S}$PEPTIDE1,PEPTIDE1,6:R3-1:R3$$$",1.0,4.0,22.0,127.0,324.0,30.0,130.0,34.0,254.0,39.0,0.0925925925925925,0.2615384615384615,0.1535433070866141
347,"PEPTIDE1{[ClAc_F].[HyG].Y.Y.C.N.Y.Y}$PEPTIDE1,PEPTIDE1,5:R3-1:R3$$$",,2.0,74.0,157.0,249.0,22.0,92.0,11.0,254.0,33.0,0.0883534136546184,0.1195652173913043,0.1299212598425196
348,"PEPTIDE1{[ClAc_F].[Bip].[Tic].[4TzA].C.Y.[HyG].[4TzA]}$PEPTIDE1,PEPTIDE1,5:R3-1:R3$$$",,4.0,89.0,134.0,225.0,42.0,80.0,44.0,252.0,110.0,0.1866666666666666,0.55,0.4365079365079365
349,"PEPTIDE1{[ClAc_F].H.V.R.[Bip].[Tic].C.H}$PEPTIDE1,PEPTIDE1,7:R3-1:R3$$$",,,7.0,442.0,782.0,47844.0,114.0,43358.0,252.0,23934.0,61.18158567774936,380.3333333333333,94.97619047619048
350,"PEPTIDE1{[ClAc_F].[Bip].[Tic].[4TzA].C.V.H.[HyG]}$PEPTIDE1,PEPTIDE1,5:R3-1:R3$$$",,6.0,38.0,45.0,67.0,12.0,66.0,5.0,252.0,33.0,0.1791044776119403,0.0757575757575757,0.1309523809523809
351,"PEPTIDE1{[ClAc_F].[Bip].[Tic].[4TzA].C.[HyG].H.Y}$PEPTIDE1,PEPTIDE1,5:R3-1:R3$$$",,1.0,25.0,67.0,196.0,42.0,123.0,57.0,252.0,125.0,0.2142857142857142,0.4634146341463415,0.496031746031746
352,"PEPTIDE1{[ClAc_F].[Bip].[Tic].V.R.[HyG].N.C}$PEPTIDE1,PEPTIDE1,8:R3-1:R3$$$",,5.0,39.0,121.0,254.0,8.0,87.0,8.0,249.0,23.0,0.0314960629921259,0.0919540229885057,0.0923694779116465
353,"PEPTIDE1{[ClAc_F].[Bip].[HyG].v.Y.C.H.N}$PEPTIDE1,PEPTIDE1,6:R3-1:R3$$$",,,7.0,116.0,236.0,32.0,102.0,32.0,249.0,65.0,0.135593220338983,0.3137254901960784,0.2610441767068273
354,"PEPTIDE1{[ClAc_F].[Bip].[Tic].[4TzA].C.H.R.R}$PEPTIDE1,PEPTIDE1,5:R3-1:R3$$$",,4.0,13.0,51.0,137.0,7.0,90.0,13.0,246.0,51.0,0.0510948905109489,0.1444444444444444,0.2073170731707317
355,"PEPTIDE1{[ClAc_F].[Bip].[HyG].v.Y.C.[4TzA].N}$PEPTIDE1,PEPTIDE1,6:R3-1:R3$$$",,1.0,17.0,135.0,301.0,37.0,114.0,41.0,245.0,56.0,0.1229235880398671,0.3596491228070175,0.2285714285714285
356,"PEPTIDE1{[ClAc_F].[Bip].[Tic].[4TzA].C.V.[HyG].[4TzA]}$PEPTIDE1,PEPTIDE1,5:R3-1:R3$$$",,3.0,41.0,64.0,148.0,29.0,102.0,27.0,244.0,93.0,0.1959459459459459,0.2647058823529412,0.3811475409836065
357,"PEPTIDE1{[ClAc_F].[Bip].[Tic].[4TzA].C.Y.H.[Tic]}$PEPTIDE1,PEPTIDE1,5:R3-1:R3$$$",,5.0,392.0,1102.0,1235.0,801.0,241.0,369.0,244.0,354.0,0.648582995951417,1.5311203319502074,1.4508196721311477
358,"PEPTIDE1{[ClAc_F].[Bip].[Tic].[4TzA].C.[tBuG].[4TzA].[HyG]}$PEPTIDE1,PEPTIDE1,5:R3-1:R3$$$",,6.0,227.0,664.0,785.0,197.0,164.0,133.0,244.0,132.0,0.2509554140127388,0.8109756097560976,0.5409836065573771
359,"PEPTIDE1{[ClAc_F].[Bip].[Tic].[4TzA].C.V.L.S}$PEPTIDE1,PEPTIDE1,5:R3-1:R3$$$",,9.0,273.0,598.0,898.0,108.0,182.0,56.0,243.0,70.0,0.1202672605790645,0.3076923076923077,0.2880658436213992
360,"PEPTIDE1{[ClAc_F].[HyG].Y.[4TzA].C.Y.Y.Y}$PEPTIDE1,PEPTIDE1,5:R3-1:R3$$$",1.0,2.0,25.0,102.0,191.0,36.0,82.0,24.0,243.0,58.0,0.1884816753926701,0.2926829268292683,0.2386831275720164
361,"PEPTIDE1{[ClAc_F].[Bip].[HyG].G.L.C.H.H}$PEPTIDE1,PEPTIDE1,6:R3-1:R3$$$",,,26.0,69.0,150.0,4.0,53.0,18.0,240.0,22.0,0.0266666666666666,0.3396226415094339,0.0916666666666666
362,"PEPTIDE1{[ClAc_F].[Bip].[Tic].[4TzA].C.H.H.R}$PEPTIDE1,PEPTIDE1,5:R3-1:R3$$$",,4.0,39.0,71.0,192.0,33.0,86.0,28.0,239.0,82.0,0.171875,0.3255813953488372,0.3430962343096234
363,"PEPTIDE1{[ClAc_F].H.V.H.[Bip].[Tic].C.[4TzA]}$PEPTIDE1,PEPTIDE1,7:R3-1:R3$$$",,,21.0,553.0,1033.0,49371.0,144.0,51368.0,239.0,26254.0,47.79380445304937,356.72222222222223,109.84937238493724
364,"PEPTIDE1{[ClAc_F].[Bip].[Tic].[4TzA].C.[tBuG].S.[tBuG]}$PEPTIDE1,PEPTIDE1,5:R3-1:R3$$$",,7.0,130.0,375.0,585.0,44.0,178.0,38.0,235.0,35.0,0.0752136752136752,0.2134831460674157,0.1489361702127659
365,"PEPTIDE1{[ClAc_F].[Bip].[Tic].[4TzA].C.[tBuG].R.L}$PEPTIDE1,PEPTIDE1,5:R3-1:R3$$$",,6.0,88.0,281.0,466.0,24.0,158.0,23.0,232.0,34.0,0.0515021459227467,0.1455696202531645,0.146551724137931
366,"PEPTIDE1{[ClAc_F].[HyG].Y.Y.C.R.[4TzA].Y}$PEPTIDE1,PEPTIDE1,5:R3-1:R3$$$",,2.0,51.0,139.0,245.0,10.0,88.0,5.0,232.0,16.0,0.0408163265306122,0.0568181818181818,0.0689655172413793
367,"PEPTIDE1{[ClAc_F].[Bip].[Tic].G.C.[tBuG].Y.R}$PEPTIDE1,PEPTIDE1,5:R3-1:R3$$$",,,7.0,20.0,70.0,11.0,75.0,11.0,232.0,49.0,0.1571428571428571,0.1466666666666666,0.2112068965517241
368,"PEPTIDE1{[ClAc_F].[HyG].Y.Y.C.[4TzA].H.[Bip]}$PEPTIDE1,PEPTIDE1,5:R3-1:R3$$$",1.0,14.0,793.0,1289.0,1178.0,261.0,195.0,120.0,231.0,101.0,0.2215619694397283,0.6153846153846154,0.4372294372294372
369,"PEPTIDE1{[ClAc_F].[Bip].[Tic].[4TzA].C.[tBuG].S.H}$PEPTIDE1,PEPTIDE1,5:R3-1:R3$$$",,5.0,121.0,285.0,390.0,44.0,176.0,32.0,231.0,48.0,0.1128205128205128,0.1818181818181818,0.2077922077922078
370,"PEPTIDE1{[ClAc_F].[Bip].[Tic].[4TzA].C.v.Y.[4TzA]}$PEPTIDE1,PEPTIDE1,5:R3-1:R3$$$",,4.0,53.0,97.0,169.0,56.0,95.0,54.0,230.0,135.0,0.3313609467455621,0.5684210526315789,0.5869565217391305
371,"PEPTIDE1{[ClAc_F].[Bip].[Tic].N.C.Y.R.Y}$PEPTIDE1,PEPTIDE1,5:R3-1:R3$$$",,,9.0,29.0,123.0,23.0,93.0,25.0,230.0,76.0,0.1869918699186991,0.2688172043010752,0.3304347826086956
372,"PEPTIDE1{[ClAc_F].Y.[Bip].C.[HyG].[MeF].S.[MeF]}$PEPTIDE1,PEPTIDE1,4:R3-1:R3$$$",,7.0,29.0,117.0,209.0,33.0,88.0,41.0,229.0,81.0,0.1578947368421052,0.4659090909090909,0.3537117903930131
373,"PEPTIDE1{[ClAc_F].[Bip].[Tic].[4TzA].C.[4TzA].H.Y}$PEPTIDE1,PEPTIDE1,5:R3-1:R3$$$",,3.0,143.0,221.0,286.0,97.0,75.0,40.0,229.0,105.0,0.3391608391608391,0.5333333333333333,0.4585152838427948
374,"PEPTIDE1{[ClAc_F].[Bip].[HyG].v.Y.C.V.[4TzA]}$PEPTIDE1,PEPTIDE1,6:R3-1:R3$$$",,1.0,18.0,83.0,245.0,29.0,98.0,32.0,227.0,62.0,0.1183673469387755,0.3265306122448979,0.2731277533039647
375,"PEPTIDE1{[ClAc_F].[Bip].[HyG].v.Y.C.v.N}$PEPTIDE1,PEPTIDE1,6:R3-1:R3$$$",,1.0,17.0,119.0,272.0,34.0,129.0,34.0,227.0,46.0,0.125,0.2635658914728682,0.2026431718061674
376,"PEPTIDE1{[ClAc_F].S.[Tic].[4TzA].C.Y.R.Y}$PEPTIDE1,PEPTIDE1,5:R3-1:R3$$$",,,4.0,29.0,110.0,15.0,101.0,19.0,225.0,60.0,0.1363636363636363,0.1881188118811881,0.2666666666666666
377,"PEPTIDE1{[ClAc_F].[HyG].Y.Y.C.[4TzA].[4TzA].[Bip]}$PEPTIDE1,PEPTIDE1,5:R3-1:R3$$$",,29.0,1228.0,1766.0,1518.0,464.0,220.0,202.0,225.0,130.0,0.30566534914361,0.9181818181818182,0.5777777777777777
378,"PEPTIDE1{[ClAc_F].[HyG].Y.Y.C.[4TzA].S.[Bip]}$PEPTIDE1,PEPTIDE1,5:R3-1:R3$$$",,29.0,859.0,1637.0,1376.0,295.0,206.0,127.0,224.0,94.0,0.2143895348837209,0.616504854368932,0.4196428571428571
379,"PEPTIDE1{[ClAc_F].[Bip].[Tic].G.C.Y.H.Y}$PEPTIDE1,PEPTIDE1,5:R3-1:R3$$$",,,14.0,50.0,158.0,33.0,82.0,46.0,224.0,110.0,0.2088607594936709,0.5609756097560976,0.4910714285714285
380,"PEPTIDE1{[ClAc_F].[Bip].[Tic].[4TzA].C.[4TzA].R.Y}$PEPTIDE1,PEPTIDE1,5:R3-1:R3$$$",,7.0,244.0,364.0,361.0,110.0,101.0,58.0,223.0,80.0,0.3047091412742382,0.5742574257425742,0.358744394618834
381,"PEPTIDE1{[ClAc_F].[Bip].[HyG].v.Y.C.[MeF].N}$PEPTIDE1,PEPTIDE1,6:R3-1:R3$$$",,6.0,291.0,940.0,943.0,473.0,200.0,216.0,221.0,156.0,0.5015906680805938,1.08,0.7058823529411765
382,"PEPTIDE1{[ClAc_F].[Bip].[Tic].V.L.[HyG].[tBuG].C}$PEPTIDE1,PEPTIDE1,8:R3-1:R3$$$",,,21.0,79.0,168.0,9.0,80.0,11.0,220.0,34.0,0.0535714285714285,0.1375,0.1545454545454545
383,"PEPTIDE1{[ClAc_F].[Bip].[Tic].[4TzA].C.L.S.G}$PEPTIDE1,PEPTIDE1,5:R3-1:R3$$$",,8.0,245.0,664.0,947.0,91.0,194.0,52.0,218.0,59.0,0.0960929250263991,0.268041237113402,0.2706422018348624
384,"PEPTIDE1{[ClAc_F].[HyG].Y.Y.C.[4TzA].[4TzA].Y}$PEPTIDE1,PEPTIDE1,5:R3-1:R3$$$",,4.0,62.0,172.0,233.0,30.0,100.0,20.0,217.0,32.0,0.1287553648068669,0.2,0.1474654377880184
385,"PEPTIDE1{[ClAc_F].[HyG].Y.Y.C.H.Y.[Bip]}$PEPTIDE1,PEPTIDE1,5:R3-1:R3$$$",1.0,14.0,851.0,1529.0,1279.0,320.0,215.0,145.0,217.0,125.0,0.2501954652071931,0.6744186046511628,0.576036866359447
386,"PEPTIDE1{[ClAc_F].[Bip].[Tic].[4TzA].C.[tBuG].N.H}$PEPTIDE1,PEPTIDE1,5:R3-1:R3$$$",,15.0,261.0,488.0,626.0,73.0,151.0,40.0,214.0,51.0,0.1166134185303514,0.2649006622516556,0.2383177570093458
387,"PEPTIDE1{[ClAc_F].[Bip].[HyG].v.[4TzA].C.[MeF].N}$PEPTIDE1,PEPTIDE1,6:R3-1:R3$$$",,2.0,178.0,529.0,687.0,199.0,171.0,116.0,214.0,95.0,0.2896652110625909,0.6783625730994152,0.4439252336448598
388,"PEPTIDE1{[ClAc_F].[Bip].[Tic].[4TzA].C.V.S.[Bip]}$PEPTIDE1,PEPTIDE1,5:R3-1:R3$$$",1.0,24.0,242.0,616.0,821.0,222.0,153.0,135.0,214.0,169.0,0.2704019488428745,0.8823529411764706,0.7897196261682243
389,"PEPTIDE1{[ClAc_F].[Bip].[Tic].[4TzA].C.Y.S.[Tic]}$PEPTIDE1,PEPTIDE1,5:R3-1:R3$$$",,14.0,496.0,1153.0,1259.0,699.0,183.0,286.0,214.0,262.0,0.5552025416997617,1.5628415300546448,1.2242990654205608
390,"PEPTIDE1{[ClAc_F].[HyG].Y.Y.C.R.N.Y}$PEPTIDE1,PEPTIDE1,5:R3-1:R3$$$",,2.0,24.0,82.0,145.0,3.0,72.0,7.0,212.0,11.0,0.0206896551724137,0.0972222222222222,0.0518867924528301
391,"PEPTIDE1{[ClAc_F].[Bip].[HyG].v.Y.C.[MeF].R}$PEPTIDE1,PEPTIDE1,6:R3-1:R3$$$",,3.0,123.0,549.0,672.0,216.0,135.0,132.0,211.0,122.0,0.3214285714285714,0.9777777777777776,0.5781990521327014
392,"PEPTIDE1{[ClAc_F].[Bip].[Tic].[4TzA].C.V.[4TzA].G}$PEPTIDE1,PEPTIDE1,5:R3-1:R3$$$",,18.0,367.0,712.0,1034.0,126.0,197.0,92.0,211.0,85.0,0.1218568665377176,0.467005076142132,0.4028436018957346
393,"PEPTIDE1{[ClAc_F].[Bip].[Tic].[4TzA].C.[tBuG].[HyG].R}$PEPTIDE1,PEPTIDE1,5:R3-1:R3$$$",,,13.0,25.0,77.0,4.0,70.0,8.0,209.0,48.0,0.0519480519480519,0.1142857142857142,0.2296650717703349
394,"PEPTIDE1{[ClAc_F].[Bip].[HyG].v.Y.C.v.[4TzA]}$PEPTIDE1,PEPTIDE1,6:R3-1:R3$$$",1.0,,15.0,120.0,248.0,48.0,81.0,50.0,209.0,59.0,0.1935483870967742,0.6172839506172839,0.2822966507177033
395,"PEPTIDE1{[ClAc_F].[Bip].[Tic].[4TzA].C.[tBuG].R.[HyG]}$PEPTIDE1,PEPTIDE1,5:R3-1:R3$$$",,6.0,134.0,311.0,520.0,56.0,113.0,48.0,208.0,55.0,0.1076923076923077,0.4247787610619469,0.2644230769230769
396,"PEPTIDE1{[ClAc_F].[Bip].[Tic].[4TzA].C.L.R.[HyG]}$PEPTIDE1,PEPTIDE1,5:R3-1:R3$$$",,2.0,32.0,33.0,69.0,5.0,59.0,6.0,205.0,23.0,0.072463768115942,0.1016949152542373,0.1121951219512195
397,"PEPTIDE1{[ClAc_F].[Bip].[Tic].[4TzA].C.V.L.H}$PEPTIDE1,PEPTIDE1,5:R3-1:R3$$$",,10.0,251.0,585.0,818.0,103.0,180.0,79.0,205.0,90.0,0.1259168704156479,0.4388888888888889,0.4390243902439024
398,"PEPTIDE1{[ClAc_F].[Bip].[HyG].v.[4TzA].C.S.[4TzA]}$PEPTIDE1,PEPTIDE1,6:R3-1:R3$$$",,,23.0,151.0,331.0,27.0,128.0,36.0,204.0,49.0,0.0815709969788519,0.28125,0.2401960784313725
399,"PEPTIDE1{[ClAc_F].[Bip].[Tic].[4TzA].C.L.[tBuG].R}$PEPTIDE1,PEPTIDE1,5:R3-1:R3$$$",,4.0,178.0,496.0,648.0,81.0,174.0,83.0,202.0,80.0,0.125,0.4770114942528735,0.396039603960396
400,"PEPTIDE1{[ClAc_F].[Bip].[Tic].N.C.[tBuG].Y.R}$PEPTIDE1,PEPTIDE1,5:R3-1:R3$$$",,,1.0,15.0,52.0,3.0,52.0,8.0,201.0,32.0,0.0576923076923076,0.1538461538461538,0.1592039800995024
401,"PEPTIDE1{[ClAc_F].[Bip].[Tic].[4TzA].C.S.H.Y}$PEPTIDE1,PEPTIDE1,5:R3-1:R3$$$",,15.0,296.0,601.0,747.0,132.0,181.0,78.0,200.0,96.0,0.1767068273092369,0.430939226519337,0.48
402,"PEPTIDE1{[ClAc_F].[Bip].[Tic].G.C.Y.R.[4TzA]}$PEPTIDE1,PEPTIDE1,5:R3-1:R3$$$",,1.0,6.0,37.0,139.0,25.0,87.0,32.0,200.0,81.0,0.1798561151079136,0.367816091954023,0.405
403,"PEPTIDE1{[ClAc_F].[Bip].[Tic].G.C.V.Y.[4TzA]}$PEPTIDE1,PEPTIDE1,5:R3-1:R3$$$",,2.0,9.0,34.0,156.0,32.0,81.0,41.0,200.0,108.0,0.2051282051282051,0.5061728395061729,0.54
404,"PEPTIDE1{[ClAc_F].[Bip].[Tic].[4TzA].C.[MeF].R.Y}$PEPTIDE1,PEPTIDE1,5:R3-1:R3$$$",,9.0,240.0,529.0,595.0,208.0,110.0,101.0,199.0,96.0,0.3495798319327731,0.9181818181818182,0.4824120603015075
405,"PEPTIDE1{[ClAc_F].[Bip].[HyG].v.Y.C.R.Y}$PEPTIDE1,PEPTIDE1,6:R3-1:R3$$$",1.0,,28.0,125.0,217.0,35.0,73.0,39.0,199.0,41.0,0.1612903225806451,0.5342465753424658,0.2060301507537688
406,"PEPTIDE1{[ClAc_F].[Bip].[HyG].v.[4TzA].C.H.[4TzA]}$PEPTIDE1,PEPTIDE1,6:R3-1:R3$$$",,1.0,8.0,86.0,255.0,28.0,110.0,35.0,198.0,54.0,0.1098039215686274,0.3181818181818182,0.2727272727272727
407,"PEPTIDE1{[ClAc_F].[Bip].[HyG].v.Y.C.v.R}$PEPTIDE1,PEPTIDE1,6:R3-1:R3$$$",,,9.0,79.0,203.0,16.0,77.0,23.0,195.0,33.0,0.0788177339901477,0.2987012987012987,0.1692307692307692
408,"PEPTIDE1{[ClAc_F].[HyG].Y.Y.C.L.Y.[4TzA]}$PEPTIDE1,PEPTIDE1,5:R3-1:R3$$$",,3.0,26.0,82.0,174.0,9.0,55.0,13.0,195.0,20.0,0.0517241379310344,0.2363636363636363,0.1025641025641025
409,"PEPTIDE1{[ClAc_F].[Bip].[Tic].[4TzA].C.Y.S.[HyG]}$PEPTIDE1,PEPTIDE1,5:R3-1:R3$$$",,1.0,33.0,43.0,119.0,20.0,72.0,10.0,194.0,36.0,0.1680672268907563,0.1388888888888889,0.1855670103092783
410,"PEPTIDE1{[ClAc_F].[Bip].[Tic].[4TzA].C.R.Y.Y}$PEPTIDE1,PEPTIDE1,5:R3-1:R3$$$",,5.0,402.0,899.0,1007.0,361.0,182.0,198.0,193.0,171.0,0.3584905660377358,1.0879120879120878,0.8860103626943006
411,"PEPTIDE1{[ClAc_F].[Bip].[Tic].[4TzA].C.[tBuG].S.[HyG]}$PEPTIDE1,PEPTIDE1,5:R3-1:R3$$$",,4.0,127.0,289.0,436.0,64.0,107.0,53.0,192.0,62.0,0.146788990825688,0.4953271028037383,0.3229166666666667
412,"PEPTIDE1{[ClAc_F].[Bip].[Tic].[4TzA].C.Y.G.Y}$PEPTIDE1,PEPTIDE1,5:R3-1:R3$$$",,5.0,267.0,618.0,684.0,221.0,143.0,119.0,192.0,141.0,0.3230994152046784,0.8321678321678322,0.734375
413,"PEPTIDE1{[ClAc_F].[Bip].[HyG].v.Y.C.Y.S}$PEPTIDE1,PEPTIDE1,6:R3-1:R3$$$",,,29.0,134.0,248.0,43.0,87.0,42.0,191.0,60.0,0.1733870967741935,0.4827586206896552,0.3141361256544502
414,"PEPTIDE1{[ClAc_F].[Bip].[Tic].[4TzA].C.V.[4TzA].Y}$PEPTIDE1,PEPTIDE1,5:R3-1:R3$$$",,7.0,215.0,380.0,600.0,165.0,131.0,90.0,191.0,84.0,0.275,0.6870229007633588,0.4397905759162304
415,"PEPTIDE1{[ClAc_F].[Bip].[Tic].[4TzA].C.R.Y.R}$PEPTIDE1,PEPTIDE1,5:R3-1:R3$$$",,7.0,173.0,313.0,429.0,89.0,81.0,38.0,191.0,67.0,0.2074592074592074,0.4691358024691358,0.3507853403141361
416,"PEPTIDE1{[ClAc_F].S.[Tic].[4TzA].C.V.Y.[4TzA]}$PEPTIDE1,PEPTIDE1,5:R3-1:R3$$$",,,12.0,35.0,121.0,15.0,63.0,19.0,190.0,48.0,0.1239669421487603,0.3015873015873015,0.2526315789473684
417,"PEPTIDE1{[ClAc_F].[Bip].[Tic].[4TzA].C.[HyG].R.R}$PEPTIDE1,PEPTIDE1,5:R3-1:R3$$$",,,5.0,25.0,73.0,6.0,63.0,8.0,190.0,38.0,0.0821917808219178,0.1269841269841269,0.2
418,"PEPTIDE1{[ClAc_F].[Bip].[Tic].[4TzA].C.L.S.[MeF]}$PEPTIDE1,PEPTIDE1,5:R3-1:R3$$$",,8.0,413.0,863.0,1074.0,324.0,221.0,196.0,188.0,187.0,0.3016759776536313,0.8868778280542986,0.9946808510638298
419,"PEPTIDE1{[ClAc_F].[Bip].[Tic].[4TzA].C.N.R.Y}$PEPTIDE1,PEPTIDE1,5:R3-1:R3$$$",,8.0,266.0,417.0,402.0,82.0,98.0,35.0,188.0,50.0,0.2039800995024875,0.3571428571428571,0.2659574468085106
420,"PEPTIDE1{[ClAc_F].[Bip].[HyG].v.Y.C.[4TzA].S}$PEPTIDE1,PEPTIDE1,6:R3-1:R3$$$",,4.0,17.0,132.0,250.0,27.0,104.0,41.0,187.0,70.0,0.108,0.3942307692307692,0.374331550802139
421,"PEPTIDE1{[ClAc_F].[HyG].S.Y.C.Y.Y.Y}$PEPTIDE1,PEPTIDE1,5:R3-1:R3$$$",,2.0,31.0,99.0,167.0,8.0,53.0,10.0,186.0,16.0,0.0479041916167664,0.1886792452830188,0.086021505376344
422,"PEPTIDE1{[ClAc_F].[Bip].[Tic].[4TzA].C.V.H.Y.[HyG]}$PEPTIDE1,PEPTIDE1,5:R3-1:R3$$$",,,,,3.0,,19.0,,184.0,5.0,,,0.0271739130434782
423,"PEPTIDE1{[ClAc_F].[Bip].[Tic].[4TzA].C.[tBuG].H.[tBuG]}$PEPTIDE1,PEPTIDE1,5:R3-1:R3$$$",,5.0,89.0,271.0,434.0,36.0,119.0,30.0,184.0,45.0,0.0829493087557603,0.2521008403361344,0.2445652173913043
424,"PEPTIDE1{[ClAc_F].[Bip].[Tic].[4TzA].C.V.V.H}$PEPTIDE1,PEPTIDE1,5:R3-1:R3$$$",,6.0,206.0,415.0,578.0,64.0,134.0,57.0,184.0,39.0,0.1107266435986159,0.4253731343283582,0.2119565217391304
425,"PEPTIDE1{[ClAc_F].[Bip].[Tic].[4TzA].C.[tBuG].N.[HyG]}$PEPTIDE1,PEPTIDE1,5:R3-1:R3$$$",,5.0,199.0,564.0,720.0,91.0,170.0,83.0,184.0,89.0,0.1263888888888888,0.488235294117647,0.483695652173913
426,"PEPTIDE1{[ClAc_F].[HyG].Y.Y.C.Y.Y.N}$PEPTIDE1,PEPTIDE1,5:R3-1:R3$$$",,,9.0,70.0,153.0,9.0,56.0,14.0,183.0,29.0,0.0588235294117647,0.25,0.1584699453551912
427,"PEPTIDE1{[ClAc_F].[Bip].[Tic].[4TzA].C.V.[4TzA].S}$PEPTIDE1,PEPTIDE1,5:R3-1:R3$$$",,20.0,400.0,756.0,951.0,147.0,198.0,88.0,183.0,77.0,0.1545741324921135,0.4444444444444444,0.4207650273224044
428,"PEPTIDE1{[ClAc_F].[Bip].[Bip].[4TzA].C.[tBuG].Y.R}$PEPTIDE1,PEPTIDE1,5:R3-1:R3$$$",,,3.0,16.0,60.0,7.0,56.0,14.0,182.0,49.0,0.1166666666666666,0.25,0.2692307692307692
429,"PEPTIDE1{[ClAc_F].[Bip].[Tic].[4TzA].C.[tBuG].H.[HyG]}$PEPTIDE1,PEPTIDE1,5:R3-1:R3$$$",,5.0,149.0,326.0,458.0,69.0,113.0,59.0,182.0,59.0,0.1506550218340611,0.5221238938053098,0.3241758241758242
430,"PEPTIDE1{[ClAc_F].[Bip].[Tic].[4TzA].C.[Tic].Y.G}$PEPTIDE1,PEPTIDE1,5:R3-1:R3$$$",,,6.0,44.0,187.0,29.0,63.0,31.0,181.0,100.0,0.1550802139037433,0.492063492063492,0.5524861878453039
431,"PEPTIDE1{[ClAc_F].[Bip].[HyG].v.Y.C.S.V}$PEPTIDE1,PEPTIDE1,6:R3-1:R3$$$",,1.0,15.0,89.0,205.0,19.0,72.0,23.0,181.0,26.0,0.0926829268292682,0.3194444444444444,0.143646408839779
432,"PEPTIDE1{[ClAc_F].[Bip].[HyG].v.[4TzA].C.S.Y}$PEPTIDE1,PEPTIDE1,6:R3-1:R3$$$",,2.0,11.0,75.0,214.0,18.0,80.0,21.0,180.0,45.0,0.0841121495327102,0.2625,0.25
433,"PEPTIDE1{[ClAc_F].[Bip].[HyG].v.[4TzA].C.[4TzA].Y}$PEPTIDE1,PEPTIDE1,6:R3-1:R3$$$",,1.0,23.0,122.0,247.0,55.0,76.0,62.0,180.0,69.0,0.2226720647773279,0.8157894736842105,0.3833333333333333
434,"PEPTIDE1{[ClAc_F].[HyG].Y.Y.C.Y.Y.R}$PEPTIDE1,PEPTIDE1,5:R3-1:R3$$$",,1.0,1.0,48.0,97.0,6.0,62.0,9.0,178.0,25.0,0.0618556701030927,0.1451612903225806,0.1404494382022472
435,"PEPTIDE1{[ClAc_F].[Bip].[HyG].v.Y.C.V.R}$PEPTIDE1,PEPTIDE1,6:R3-1:R3$$$",,2.0,2.0,62.0,144.0,6.0,77.0,16.0,178.0,34.0,0.0416666666666666,0.2077922077922078,0.1910112359550561
436,"PEPTIDE1{[ClAc_F].[Bip].[HyG].v.Y.C.L.N}$PEPTIDE1,PEPTIDE1,6:R3-1:R3$$$",,,11.0,78.0,170.0,26.0,69.0,25.0,178.0,39.0,0.1529411764705882,0.3623188405797101,0.2191011235955056
437,"PEPTIDE1{[ClAc_F].[HyG].Y.Y.C.Y.R.[Bip]}$PEPTIDE1,PEPTIDE1,5:R3-1:R3$$$",,9.0,184.0,491.0,559.0,84.0,115.0,53.0,177.0,50.0,0.1502683363148479,0.4608695652173913,0.2824858757062147
438,"PEPTIDE1{[ClAc_F].[Bip].[Tic].[4TzA].C.S.Y.S}$PEPTIDE1,PEPTIDE1,5:R3-1:R3$$$",,12.0,331.0,682.0,732.0,145.0,152.0,86.0,176.0,108.0,0.198087431693989,0.5657894736842105,0.6136363636363636
439,"PEPTIDE1{[ClAc_F].[Bip].[Tic].[4TzA].C.L.Y.[HyG]}$PEPTIDE1,PEPTIDE1,5:R3-1:R3$$$",,4.0,30.0,48.0,69.0,29.0,54.0,12.0,174.0,41.0,0.4202898550724637,0.2222222222222222,0.2356321839080459
440,"PEPTIDE1{[ClAc_F].[Bip].[HyG].G.L.C.N.H}$PEPTIDE1,PEPTIDE1,6:R3-1:R3$$$",,2.0,17.0,37.0,118.0,7.0,49.0,13.0,171.0,15.0,0.059322033898305,0.2653061224489796,0.087719298245614
441,"PEPTIDE1{[ClAc_F].[HyG].Y.Y.C.R.[4TzA].[Bip]}$PEPTIDE1,PEPTIDE1,5:R3-1:R3$$$",,14.0,640.0,863.0,789.0,126.0,126.0,48.0,171.0,42.0,0.1596958174904943,0.3809523809523809,0.2456140350877192
442,"PEPTIDE1{[ClAc_F].[Bip].[Tic].[4TzA].C.[4TzA].Y.G}$PEPTIDE1,PEPTIDE1,5:R3-1:R3$$$",,2.0,88.0,123.0,204.0,62.0,56.0,23.0,171.0,50.0,0.3039215686274509,0.4107142857142857,0.2923976608187134
443,"PEPTIDE1{[ClAc_F].[Bip].[Tic].[4TzA].C.H.Y.[4TzA]}$PEPTIDE1,PEPTIDE1,5:R3-1:R3$$$",,3.0,174.0,281.0,302.0,154.0,73.0,84.0,170.0,103.0,0.5099337748344371,1.1506849315068493,0.6058823529411764
444,"PEPTIDE1{[ClAc_F].[Bip].[Tic].[4TzA].C.L.Y}$PEPTIDE1,PEPTIDE1,5:R3-1:R3$$$",,,12.0,88.0,182.0,33.0,75.0,35.0,170.0,81.0,0.1813186813186813,0.4666666666666667,0.4764705882352941
445,"PEPTIDE1{[ClAc_F].[Bip].[HyG].v.[4TzA].C.Y.S}$PEPTIDE1,PEPTIDE1,6:R3-1:R3$$$",,,19.0,107.0,210.0,28.0,97.0,22.0,169.0,37.0,0.1333333333333333,0.2268041237113402,0.2189349112426035
446,"PEPTIDE1{[ClAc_F].[Bip].[Tic].[4TzA].C.Y.[Tic].R}$PEPTIDE1,PEPTIDE1,5:R3-1:R3$$$",,7.0,150.0,460.0,606.0,118.0,127.0,67.0,168.0,75.0,0.1947194719471947,0.5275590551181102,0.4464285714285714
447,"PEPTIDE1{[ClAc_F].[Bip].[Tic].[4TzA].C.L.Y.[MeF]}$PEPTIDE1,PEPTIDE1,5:R3-1:R3$$$",,9.0,327.0,858.0,928.0,609.0,154.0,286.0,168.0,277.0,0.65625,1.8571428571428568,1.6488095238095235
448,"PEPTIDE1{[ClAc_F].[Bip].[Tic].[4TzA].C.[tBuG].[4TzA].V}$PEPTIDE1,PEPTIDE1,5:R3-1:R3$$$",,7.0,233.0,541.0,734.0,108.0,155.0,69.0,167.0,71.0,0.1471389645776566,0.4451612903225806,0.4251497005988024
449,"PEPTIDE1{[ClAc_F].[Bip].[Tic].[4TzA].C.H.R.V}$PEPTIDE1,PEPTIDE1,5:R3-1:R3$$$",,3.0,27.0,68.0,168.0,22.0,74.0,27.0,166.0,59.0,0.1309523809523809,0.3648648648648648,0.3554216867469879
450,"PEPTIDE1{[ClAc_F].[Bip].[Tic].[4TzA].C.Y.R.[tBuG]}$PEPTIDE1,PEPTIDE1,5:R3-1:R3$$$",,6.0,54.0,141.0,309.0,36.0,89.0,29.0,165.0,38.0,0.116504854368932,0.3258426966292135,0.2303030303030303
451,"PEPTIDE1{[ClAc_F].[HyG].Y.Y.C.Y.S.Y}$PEPTIDE1,PEPTIDE1,5:R3-1:R3$$$",,1.0,8.0,35.0,94.0,3.0,51.0,8.0,164.0,21.0,0.0319148936170212,0.1568627450980392,0.1280487804878048
452,"PEPTIDE1{[ClAc_F].[Bip].[Tic].[4TzA].C.L.R.[Tic]}$PEPTIDE1,PEPTIDE1,5:R3-1:R3$$$",,5.0,90.0,293.0,500.0,94.0,115.0,66.0,164.0,66.0,0.188,0.5739130434782609,0.4024390243902439
453,"PEPTIDE1{[ClAc_F].S.[Tic].[4TzA].C.[tBuG].Y.R}$PEPTIDE1,PEPTIDE1,5:R3-1:R3$$$",,,2.0,13.0,63.0,3.0,48.0,8.0,163.0,34.0,0.0476190476190476,0.1666666666666666,0.2085889570552147
454,"PEPTIDE1{[ClAc_F].[Bip].[HyG].v.[4TzA].C.Y.Y}$PEPTIDE1,PEPTIDE1,6:R3-1:R3$$$",1.0,,32.0,148.0,240.0,74.0,80.0,86.0,162.0,95.0,0.3083333333333333,1.075,0.5864197530864198
455,"PEPTIDE1{[ClAc_F].[Bip].[HyG].v.[4TzA].C.[MeF].R}$PEPTIDE1,PEPTIDE1,6:R3-1:R3$$$",,5.0,113.0,416.0,570.0,137.0,102.0,78.0,162.0,82.0,0.2403508771929824,0.7647058823529411,0.5061728395061729
456,"PEPTIDE1{[ClAc_F].[Bip].[Tic].[4TzA].C.L.v.[4TzA]}$PEPTIDE1,PEPTIDE1,5:R3-1:R3$$$",,5.0,429.0,920.0,1057.0,334.0,170.0,181.0,162.0,142.0,0.3159886471144749,1.0647058823529412,0.8765432098765432
457,"PEPTIDE1{[ClAc_F].[Bip].[Tic].[4TzA].C.L.[tBuG].Y}$PEPTIDE1,PEPTIDE1,5:R3-1:R3$$$",,10.0,230.0,532.0,695.0,233.0,156.0,136.0,162.0,117.0,0.335251798561151,0.8717948717948718,0.7222222222222222
458,"PEPTIDE1{[ClAc_F].[Bip].[HyG].v.Y.C.S.Y}$PEPTIDE1,PEPTIDE1,6:R3-1:R3$$$",,1.0,35.0,118.0,170.0,28.0,60.0,30.0,162.0,44.0,0.1647058823529411,0.5,0.2716049382716049
459,"PEPTIDE1{[ClAc_F].[Bip].[Tic].[4TzA].C.V.[MeF].[4TzA]}$PEPTIDE1,PEPTIDE1,5:R3-1:R3$$$",,7.0,314.0,647.0,820.0,279.0,159.0,142.0,161.0,163.0,0.3402439024390244,0.8930817610062893,1.0124223602484472
460,"PEPTIDE1{[ClAc_F].[HyG].Y.Y.C.H.N.Y}$PEPTIDE1,PEPTIDE1,5:R3-1:R3$$$",,1.0,11.0,63.0,121.0,5.0,42.0,6.0,161.0,10.0,0.0413223140495867,0.1428571428571428,0.062111801242236
461,"PEPTIDE1{[ClAc_F].[HyG].Y.Y.C.Y.Y.H}$PEPTIDE1,PEPTIDE1,5:R3-1:R3$$$",,2.0,8.0,58.0,109.0,11.0,54.0,9.0,161.0,31.0,0.1009174311926605,0.1666666666666666,0.1925465838509316
462,"PEPTIDE1{[ClAc_F].[HyG].Y.Y.C.[4TzA].Y.V}$PEPTIDE1,PEPTIDE1,5:R3-1:R3$$$",,2.0,32.0,79.0,156.0,11.0,55.0,7.0,159.0,9.0,0.0705128205128205,0.1272727272727272,0.0566037735849056
463,"PEPTIDE1{[ClAc_F].[Bip].[HyG].v.[4TzA].C.Y.R}$PEPTIDE1,PEPTIDE1,6:R3-1:R3$$$",,,10.0,96.0,217.0,20.0,92.0,26.0,159.0,33.0,0.0921658986175115,0.2826086956521739,0.2075471698113207
464,"PEPTIDE1{[ClAc_F].[Bip].[Bip].[4TzA].C.Y.R.[4TzA]}$PEPTIDE1,PEPTIDE1,5:R3-1:R3$$$",,,19.0,42.0,116.0,24.0,76.0,26.0,159.0,78.0,0.2068965517241379,0.3421052631578947,0.490566037735849
465,"PEPTIDE1{[ClAc_F].[Bip].[HyG].v.Y.C.H.S}$PEPTIDE1,PEPTIDE1,6:R3-1:R3$$$",,2.0,9.0,63.0,159.0,11.0,62.0,26.0,157.0,22.0,0.0691823899371069,0.4193548387096774,0.1401273885350318
466,"PEPTIDE1{[ClAc_F].[Bip].[HyG].v.[4TzA].C.[MeF].S}$PEPTIDE1,PEPTIDE1,6:R3-1:R3$$$",,6.0,103.0,301.0,401.0,92.0,76.0,47.0,157.0,51.0,0.2294264339152119,0.618421052631579,0.3248407643312102
467,"PEPTIDE1{[ClAc_F].[Bip].[Tic].[4TzA].C.[tBuG].[4TzA].Y}$PEPTIDE1,PEPTIDE1,5:R3-1:R3$$$",,14.0,306.0,648.0,801.0,182.0,166.0,85.0,156.0,67.0,0.2272159800249688,0.5120481927710844,0.4294871794871794
468,"PEPTIDE1{[ClAc_F].[Bip].[HyG].v.Y.C.v.S}$PEPTIDE1,PEPTIDE1,6:R3-1:R3$$$",,,9.0,87.0,201.0,24.0,51.0,23.0,156.0,32.0,0.1194029850746268,0.4509803921568627,0.2051282051282051
469,"PEPTIDE1{[ClAc_F].[Bip].[Tic].[4TzA].C.[Tic].H.Y}$PEPTIDE1,PEPTIDE1,5:R3-1:R3$$$",,,14.0,41.0,132.0,18.0,75.0,24.0,155.0,74.0,0.1363636363636363,0.32,0.4774193548387097
470,"PEPTIDE1{[ClAc_F].[HyG].Y.Y.C.[4TzA].N.[Bip]}$PEPTIDE1,PEPTIDE1,5:R3-1:R3$$$",,15.0,462.0,821.0,674.0,155.0,96.0,92.0,154.0,51.0,0.2299703264094955,0.9583333333333334,0.3311688311688311
471,"PEPTIDE1{[ClAc_F].[Bip].[Bip].[4TzA].C.V.Y.[4TzA]}$PEPTIDE1,PEPTIDE1,5:R3-1:R3$$$",,1.0,11.0,41.0,90.0,39.0,55.0,48.0,154.0,114.0,0.4333333333333333,0.8727272727272727,0.7402597402597403
472,"PEPTIDE1{[ClAc_F].[HyG].Y.Y.C.Y.[4TzA].[Bip]}$PEPTIDE1,PEPTIDE1,5:R3-1:R3$$$",,21.0,646.0,1188.0,916.0,291.0,120.0,117.0,153.0,93.0,0.3176855895196506,0.975,0.6078431372549019
473,"PEPTIDE1{[ClAc_F].[Bip].[HyG].v.[4TzA].C.V.Y}$PEPTIDE1,PEPTIDE1,6:R3-1:R3$$$",,3.0,16.0,90.0,205.0,27.0,83.0,33.0,153.0,36.0,0.1317073170731707,0.3975903614457831,0.2352941176470588
474,"PEPTIDE1{[ClAc_F].[HyG].Y.Y.C.Y.R.Y}$PEPTIDE1,PEPTIDE1,5:R3-1:R3$$$",,1.0,13.0,37.0,117.0,6.0,48.0,7.0,153.0,24.0,0.0512820512820512,0.1458333333333333,0.1568627450980392
475,"PEPTIDE1{[ClAc_F].[Bip].[Tic].[4TzA].C.[Tic].Y.V}$PEPTIDE1,PEPTIDE1,5:R3-1:R3$$$",,,7.0,39.0,114.0,21.0,69.0,39.0,152.0,70.0,0.1842105263157894,0.5652173913043478,0.4605263157894737
476,"PEPTIDE1{[ClAc_F].[Bip].[Tic].[4TzA].C.[HyG].H.R}$PEPTIDE1,PEPTIDE1,5:R3-1:R3$$$",,2.0,19.0,31.0,110.0,15.0,65.0,16.0,152.0,42.0,0.1363636363636363,0.2461538461538461,0.2763157894736842
477,"PEPTIDE1{[ClAc_F].[Bip].[Tic].[4TzA].C.Y.V.H}$PEPTIDE1,PEPTIDE1,5:R3-1:R3$$$",,11.0,205.0,493.0,565.0,108.0,107.0,67.0,151.0,80.0,0.1911504424778761,0.6261682242990654,0.5298013245033113
478,"PEPTIDE1{[ClAc_F].[Bip].[Tic].[4TzA].C.V.[HyG].Y}$PEPTIDE1,PEPTIDE1,5:R3-1:R3$$$",,4.0,37.0,48.0,87.0,9.0,61.0,5.0,151.0,42.0,0.1034482758620689,0.081967213114754,0.2781456953642384
479,"PEPTIDE1{[ClAc_F].[Bip].[Tic].[4TzA].C.[tBuG].V.R}$PEPTIDE1,PEPTIDE1,5:R3-1:R3$$$",,7.0,161.0,395.0,571.0,48.0,146.0,30.0,150.0,26.0,0.0840630472854641,0.2054794520547945,0.1733333333333333
480,"PEPTIDE1{[ClAc_F].H.V.R.[Bip].[Tic].C.N}$PEPTIDE1,PEPTIDE1,7:R3-1:R3$$$",,,7.0,409.0,728.0,43251.0,72.0,34119.0,149.0,16841.0,59.410714285714285,473.875,113.02684563758388
481,"PEPTIDE1{[ClAc_F].S.[Tic].[4TzA].C.Y.H.Y}$PEPTIDE1,PEPTIDE1,5:R3-1:R3$$$",,,12.0,30.0,110.0,35.0,66.0,25.0,149.0,42.0,0.3181818181818182,0.3787878787878788,0.2818791946308724
482,"PEPTIDE1{[ClAc_F].[Bip].[Bip].[4TzA].C.Y.H.Y}$PEPTIDE1,PEPTIDE1,5:R3-1:R3$$$",,2.0,14.0,42.0,112.0,43.0,62.0,44.0,148.0,109.0,0.3839285714285714,0.7096774193548387,0.7364864864864865
483,"PEPTIDE1{[ClAc_F].[Bip].[Tic].N.C.V.Y.[4TzA]}$PEPTIDE1,PEPTIDE1,5:R3-1:R3$$$",,,4.0,28.0,100.0,21.0,66.0,27.0,146.0,65.0,0.21,0.4090909090909091,0.4452054794520548
484,"PEPTIDE1{[ClAc_F].[Bip].[Tic].[4TzA].C.L.N.S}$PEPTIDE1,PEPTIDE1,5:R3-1:R3$$$",,28.0,447.0,901.0,948.0,165.0,151.0,81.0,146.0,55.0,0.1740506329113924,0.5364238410596026,0.3767123287671233
485,"PEPTIDE1{[ClAc_F].[HyG].Y.Y.C.[4TzA].N.Y}$PEPTIDE1,PEPTIDE1,5:R3-1:R3$$$",,4.0,36.0,74.0,148.0,7.0,59.0,11.0,145.0,12.0,0.0472972972972973,0.1864406779661017,0.0827586206896551
486,"PEPTIDE1{[ClAc_F].[Bip].[Tic].G.C.Y.H}$PEPTIDE1,PEPTIDE1,5:R3-1:R3$$$",,,2.0,5.0,74.0,442.0,55.0,371.0,145.0,665.0,5.972972972972973,6.745454545454545,4.586206896551724
487,"PEPTIDE1{[ClAc_F].[Bip].[Tic].[4TzA].C.[tBuG].R.[tBuG]}$PEPTIDE1,PEPTIDE1,5:R3-1:R3$$$",,5.0,60.0,193.0,323.0,8.0,113.0,10.0,145.0,20.0,0.0247678018575851,0.0884955752212389,0.1379310344827586
488,"PEPTIDE1{[ClAc_F].[Bip].[HyG].v.R.C.Y.H}$PEPTIDE1,PEPTIDE1,6:R3-1:R3$$$",,2.0,5.0,54.0,110.0,11.0,50.0,15.0,144.0,18.0,0.1,0.3,0.125
489,"PEPTIDE1{[ClAc_F].[Bip].[Tic].[4TzA].C.[4TzA].R.[4TzA]}$PEPTIDE1,PEPTIDE1,5:R3-1:R3$$$",,6.0,103.0,123.0,166.0,42.0,54.0,23.0,144.0,38.0,0.253012048192771,0.4259259259259259,0.2638888888888889
490,"PEPTIDE1{[ClAc_F].[Bip].[Tic].[4TzA].C.Y.[tBuG].R}$PEPTIDE1,PEPTIDE1,5:R3-1:R3$$$",,3.0,156.0,405.0,475.0,65.0,110.0,45.0,144.0,52.0,0.1368421052631579,0.4090909090909091,0.3611111111111111
491,"PEPTIDE1{[ClAc_F].[HyG].R.Y.C.Y.Y.[Bip]}$PEPTIDE1,PEPTIDE1,5:R3-1:R3$$$",,6.0,316.0,575.0,586.0,81.0,119.0,44.0,143.0,54.0,0.1382252559726962,0.3697478991596639,0.3776223776223776
492,"PEPTIDE1{[ClAc_F].[HyG].Y.[4TzA].C.H.Y.[Bip]}$PEPTIDE1,PEPTIDE1,5:R3-1:R3$$$",,18.0,787.0,1239.0,1020.0,281.0,123.0,127.0,143.0,64.0,0.2754901960784314,1.032520325203252,0.4475524475524475
493,"PEPTIDE1{[ClAc_F].[Bip].[HyG].v.Y.C.V.H}$PEPTIDE1,PEPTIDE1,6:R3-1:R3$$$",,,7.0,55.0,113.0,14.0,56.0,9.0,143.0,25.0,0.1238938053097345,0.1607142857142857,0.1748251748251748
494,"PEPTIDE1{[ClAc_F].L.Y.V.Y.C.H.H.v.[HyG]}$PEPTIDE1,PEPTIDE1,6:R3-1:R3$$$",,,,,1.0,,5.0,,143.0,1.0,,,0.0069930069930069
495,"PEPTIDE1{[ClAc_F].[HyG].Y.Y.C.L.Y.Y}$PEPTIDE1,PEPTIDE1,5:R3-1:R3$$$",,1.0,70.0,200.0,297.0,30.0,68.0,29.0,141.0,40.0,0.101010101010101,0.4264705882352941,0.2836879432624113
496,"PEPTIDE1{[ClAc_F].[Bip].[HyG].v.[4TzA].C.R.V}$PEPTIDE1,PEPTIDE1,6:R3-1:R3$$$",,,8.0,70.0,186.0,5.0,63.0,15.0,141.0,27.0,0.0268817204301075,0.238095238095238,0.1914893617021276
497,"PEPTIDE1{[ClAc_F].[Bip].[Tic].[4TzA].C.[HyG].Y.Y}$PEPTIDE1,PEPTIDE1,5:R3-1:R3$$$",,3.0,25.0,59.0,108.0,43.0,51.0,55.0,141.0,109.0,0.3981481481481481,1.0784313725490196,0.7730496453900709
498,"PEPTIDE1{[ClAc_F].[Bip].[Tic].G.C.Y.H.R}$PEPTIDE1,PEPTIDE1,5:R3-1:R3$$$",,,8.0,31.0,95.0,12.0,61.0,19.0,141.0,35.0,0.1263157894736842,0.3114754098360656,0.2482269503546099
499,"PEPTIDE1{[ClAc_F].[HyG].Y.[4TzA].C.[4TzA].Y.[Bip]}$PEPTIDE1,PEPTIDE1,5:R3-1:R3$$$",,27.0,1247.0,1619.0,1117.0,445.0,149.0,171.0,140.0,101.0,0.3983885407341092,1.1476510067114094,0.7214285714285714
